date,campaign,channel,category,region,customer_segment,device,impressions,clicks,conversions,new_customers,returning_customers,cost,revenue,ctr,conversion_rate,cpc,roas,profit
2026-05-01,Summer Sale,Facebook,Retail,North,Small Business,Tablet,26031,1336,142,105,37,4856.84,87303.07,5.13,10.63,3.64,17.98,82446.23
2026-05-01,Search Growth,Google Ads,E-commerce,South,Small Business,Desktop,97314,7022,261,188,73,3863.5,286812.0,7.22,3.72,0.55,74.24,282948.5
2026-05-01,Creator Campaign,Instagram,Retail,East,Small Business,Mobile,42921,2214,103,70,33,3193.91,57853.06,5.16,4.65,1.44,18.11,54659.15
2026-05-01,B2B Lead Generation,LinkedIn,B2B,West,Small Business,Mobile,49899,3517,206,136,70,4287.48,414670.16,7.05,5.86,1.22,96.72,410382.68
2026-05-01,Festive Offers,Google Ads,E-commerce,North,Returning Customers,Desktop,48635,1343,53,39,14,4575.43,92926.69,2.76,3.95,3.41,20.31,88351.26
2026-05-01,Brand Awareness,Facebook,Retail,West,Returning Customers,Mobile,35492,1676,116,62,54,1448.52,78574.07,4.72,6.92,0.86,54.24,77125.55
2026-05-01,Product Launch,Instagram,Technology,South,High Value,Desktop,63070,3231,336,229,107,4467.4,334871.59,5.12,10.4,1.38,74.96,330404.19
2026-05-01,Enterprise Outreach,LinkedIn,B2B,East,Small Business,Mobile,56517,2726,142,61,81,2981.98,98628.49,4.82,5.21,1.09,33.07,95646.51
2026-05-02,Summer Sale,Facebook,Retail,North,Small Business,Mobile,89715,5821,535,308,227,5337.0,670409.89,6.49,9.19,0.92,125.62,665072.89
2026-05-02,Search Growth,Google Ads,E-commerce,South,High Value,Desktop,34403,1096,96,62,34,3997.7,138159.67,3.19,8.76,3.65,34.56,134161.97
2026-05-02,Creator Campaign,Instagram,Retail,East,High Value,Mobile,54531,3192,171,74,97,805.53,207637.68,5.85,5.36,0.25,257.77,206832.15
2026-05-02,B2B Lead Generation,LinkedIn,B2B,West,Returning Customers,Desktop,36511,2782,131,61,70,783.88,123457.26,7.62,4.71,0.28,157.5,122673.38
2026-05-02,Festive Offers,Google Ads,E-commerce,North,High Value,Desktop,28141,2027,178,74,104,3048.26,333667.35,7.2,8.78,1.5,109.46,330619.09
2026-05-02,Brand Awareness,Facebook,Retail,West,Small Business,Mobile,15032,457,42,23,19,2625.31,30753.48,3.04,9.19,5.74,11.71,28128.17
2026-05-02,Product Launch,Instagram,Technology,South,High Value,Tablet,57528,2978,182,90,92,2361.98,282645.01,5.18,6.11,0.79,119.66,280283.03
2026-05-02,Enterprise Outreach,LinkedIn,B2B,East,Small Business,Tablet,16179,519,60,27,33,3795.89,100469.25,3.21,11.56,7.31,26.47,96673.36
2026-05-03,Summer Sale,Facebook,Retail,North,Small Business,Mobile,41716,2837,192,136,56,2408.11,118787.36,6.8,6.77,0.85,49.33,116379.25
2026-05-03,Search Growth,Google Ads,E-commerce,South,New Customers,Tablet,66397,2466,133,92,41,4698.34,100993.87,3.71,5.39,1.91,21.5,96295.53
2026-05-03,Creator Campaign,Instagram,Retail,East,High Value,Tablet,49359,2513,212,81,131,3328.49,336493.09,5.09,8.44,1.32,101.09,333164.6
2026-05-03,B2B Lead Generation,LinkedIn,B2B,West,New Customers,Desktop,36948,1015,73,28,45,1826.67,51312.97,2.75,7.19,1.8,28.09,49486.3
2026-05-03,Festive Offers,Google Ads,E-commerce,North,New Customers,Mobile,85687,6898,553,198,355,2719.72,820708.47,8.05,8.02,0.39,301.76,817988.75
2026-05-03,Brand Awareness,Facebook,Retail,West,Returning Customers,Tablet,78201,4218,419,228,191,987.39,545392.22,5.39,9.93,0.23,552.36,544404.83
2026-05-03,Product Launch,Instagram,Technology,South,High Value,Mobile,29783,1590,80,42,38,2520.68,108894.14,5.34,5.03,1.59,43.2,106373.46
2026-05-03,Enterprise Outreach,LinkedIn,B2B,East,High Value,Tablet,12465,929,102,40,62,1029.9,144795.45,7.45,10.98,1.11,140.59,143765.55
2026-05-04,Summer Sale,Facebook,Retail,North,Returning Customers,Tablet,28698,1852,174,124,50,5267.41,111107.12,6.45,9.4,2.84,21.09,105839.71
2026-05-04,Search Growth,Google Ads,E-commerce,South,Small Business,Mobile,43559,1186,92,61,31,3348.58,174996.15,2.72,7.76,2.82,52.26,171647.57
2026-05-04,Creator Campaign,Instagram,Retail,East,Small Business,Desktop,28694,1218,90,37,53,1832.2,187926.86,4.24,7.39,1.5,102.57,186094.66
2026-05-04,B2B Lead Generation,LinkedIn,B2B,West,New Customers,Tablet,14694,750,89,62,27,3984.04,156645.7,5.1,11.87,5.31,39.32,152661.66
2026-05-04,Festive Offers,Google Ads,E-commerce,North,High Value,Tablet,27252,1197,117,45,72,4457.37,129156.42,4.39,9.77,3.72,28.98,124699.05
2026-05-04,Brand Awareness,Facebook,Retail,West,Small Business,Mobile,63908,2604,296,202,94,1670.99,196788.61,4.07,11.37,0.64,117.77,195117.62
2026-05-04,Product Launch,Instagram,Technology,South,New Customers,Mobile,78105,4761,514,339,175,1807.18,510436.14,6.1,10.8,0.38,282.45,508628.96
2026-05-04,Enterprise Outreach,LinkedIn,B2B,East,New Customers,Tablet,65914,3628,140,56,84,575.17,119265.73,5.5,3.86,0.16,207.36,118690.56
2026-05-05,Summer Sale,Facebook,Retail,North,New Customers,Mobile,105237,5828,530,355,175,4187.23,423791.92,5.54,9.09,0.72,101.21,419604.69
2026-05-05,Search Growth,Google Ads,E-commerce,South,Small Business,Mobile,92684,6426,240,122,118,1746.92,497576.27,6.93,3.73,0.27,284.83,495829.35
2026-05-05,Creator Campaign,Instagram,Retail,East,Returning Customers,Desktop,23670,1533,177,63,114,1971.19,366109.41,6.48,11.55,1.29,185.73,364138.22
2026-05-05,B2B Lead Generation,LinkedIn,B2B,West,New Customers,Desktop,45311,2856,100,73,27,1098.9,118345.01,6.3,3.5,0.38,107.69,117246.11
2026-05-05,Festive Offers,Google Ads,E-commerce,North,Small Business,Mobile,32901,2410,167,65,102,5136.89,80362.8,7.33,6.93,2.13,15.64,75225.91
2026-05-05,Brand Awareness,Facebook,Retail,West,Small Business,Desktop,69486,5059,238,165,73,2922.92,359505.59,7.28,4.7,0.58,123.0,356582.67
2026-05-05,Product Launch,Instagram,Technology,South,Returning Customers,Desktop,40412,1917,125,66,59,4212.2,246013.58,4.74,6.52,2.2,58.41,241801.38
2026-05-05,Enterprise Outreach,LinkedIn,B2B,East,Returning Customers,Desktop,25190,987,94,35,59,3464.65,59618.24,3.92,9.52,3.51,17.21,56153.59
2026-05-06,Summer Sale,Facebook,Retail,North,New Customers,Mobile,50206,3739,203,84,119,1668.7,418524.76,7.45,5.43,0.45,250.81,416856.06
2026-05-06,Search Growth,Google Ads,E-commerce,South,Small Business,Mobile,49077,1679,60,25,35,1082.04,32816.52,3.42,3.57,0.64,30.33,31734.48
2026-05-06,Creator Campaign,Instagram,Retail,East,High Value,Tablet,44834,2951,184,128,56,2115.04,245257.45,6.58,6.24,0.72,115.96,243142.41
2026-05-06,B2B Lead Generation,LinkedIn,B2B,West,Small Business,Desktop,63067,1741,73,42,31,1469.1,64709.26,2.76,4.19,0.84,44.05,63240.16
2026-05-06,Festive Offers,Google Ads,E-commerce,North,New Customers,Desktop,41595,1972,147,54,93,1366.23,280557.21,4.74,7.45,0.69,205.35,279190.98
2026-05-06,Brand Awareness,Facebook,Retail,West,High Value,Tablet,75926,2349,246,165,81,4529.46,532405.18,3.09,10.47,1.93,117.54,527875.72
2026-05-06,Product Launch,Instagram,Technology,South,High Value,Tablet,68294,4899,185,128,57,3600.44,249729.65,7.17,3.78,0.73,69.36,246129.21
2026-05-06,Enterprise Outreach,LinkedIn,B2B,East,New Customers,Desktop,37281,1793,153,82,71,1484.27,106272.99,4.81,8.53,0.83,71.6,104788.72
2026-05-07,Summer Sale,Facebook,Retail,North,New Customers,Mobile,72375,3405,203,126,77,2726.37,226154.61,4.7,5.96,0.8,82.95,223428.24
2026-05-07,Search Growth,Google Ads,E-commerce,South,Small Business,Tablet,50307,4121,461,260,201,4061.3,472355.4,8.19,11.19,0.99,116.31,468294.1
2026-05-07,Creator Campaign,Instagram,Retail,East,High Value,Mobile,49108,3597,271,174,97,3551.1,258607.8,7.32,7.53,0.99,72.82,255056.7
2026-05-07,B2B Lead Generation,LinkedIn,B2B,West,High Value,Tablet,24144,1610,171,66,105,1067.27,260803.14,6.67,10.62,0.66,244.36,259735.87
2026-05-07,Festive Offers,Google Ads,E-commerce,North,New Customers,Desktop,67342,5465,207,121,86,6098.02,383270.29,8.12,3.79,1.12,62.85,377172.27
2026-05-07,Brand Awareness,Facebook,Retail,West,High Value,Desktop,66326,4822,553,214,339,1724.62,819895.95,7.27,11.47,0.36,475.41,818171.33
2026-05-07,Product Launch,Instagram,Technology,South,New Customers,Tablet,30335,1786,141,92,49,3230.4,192409.39,5.89,7.89,1.81,59.56,189178.99
2026-05-07,Enterprise Outreach,LinkedIn,B2B,East,High Value,Mobile,56207,3064,251,99,152,3877.45,165542.98,5.45,8.19,1.27,42.69,161665.53
2026-05-08,Summer Sale,Facebook,Retail,North,High Value,Tablet,61936,3104,305,216,89,4706.29,315329.15,5.01,9.83,1.52,67.0,310622.86
2026-05-08,Search Growth,Google Ads,E-commerce,South,New Customers,Tablet,97455,4018,239,97,142,2982.57,173471.07,4.12,5.95,0.74,58.16,170488.5
2026-05-08,Creator Campaign,Instagram,Retail,East,Returning Customers,Desktop,53793,2582,243,160,83,3186.65,507443.53,4.8,9.41,1.23,159.24,504256.88
2026-05-08,B2B Lead Generation,LinkedIn,B2B,West,Returning Customers,Tablet,40761,1939,230,91,139,3316.2,486355.85,4.76,11.86,1.71,146.66,483039.65
2026-05-08,Festive Offers,Google Ads,E-commerce,North,High Value,Tablet,92971,3004,242,128,114,4592.25,114110.19,3.23,8.06,1.53,24.85,109517.94
2026-05-08,Brand Awareness,Facebook,Retail,West,High Value,Tablet,69213,2956,202,144,58,2540.8,197631.33,4.27,6.83,0.86,77.78,195090.53
2026-05-08,Product Launch,Instagram,Technology,South,New Customers,Desktop,61453,5212,565,221,344,2269.04,1081731.49,8.48,10.84,0.44,476.74,1079462.45
2026-05-08,Enterprise Outreach,LinkedIn,B2B,East,New Customers,Mobile,67449,4380,380,137,243,850.59,767527.21,6.49,8.68,0.19,902.35,766676.62
2026-05-09,Summer Sale,Facebook,Retail,North,New Customers,Mobile,58795,4210,184,67,117,6085.28,294118.63,7.16,4.37,1.45,48.33,288033.35
2026-05-09,Search Growth,Google Ads,E-commerce,South,New Customers,Mobile,20799,584,48,33,15,6138.6,41638.44,2.81,8.22,10.51,6.78,35499.84
2026-05-09,Creator Campaign,Instagram,Retail,East,Small Business,Desktop,61924,4995,491,179,312,3848.43,940984.5,8.07,9.83,0.77,244.51,937136.07
2026-05-09,B2B Lead Generation,LinkedIn,B2B,West,Returning Customers,Mobile,24106,783,57,39,18,3421.52,88493.68,3.25,7.28,4.37,25.86,85072.16
2026-05-09,Festive Offers,Google Ads,E-commerce,North,High Value,Desktop,87398,3197,162,96,66,4723.67,350788.06,3.66,5.07,1.48,74.26,346064.39
2026-05-09,Brand Awareness,Facebook,Retail,West,Returning Customers,Mobile,17178,1064,30,12,18,4449.51,50752.86,6.19,2.82,4.18,11.41,46303.35
2026-05-09,Product Launch,Instagram,Technology,South,New Customers,Desktop,80044,6707,459,265,194,4909.95,717745.0,8.38,6.84,0.73,146.18,712835.05
2026-05-09,Enterprise Outreach,LinkedIn,B2B,East,Returning Customers,Tablet,19413,1587,85,51,34,2605.86,142341.67,8.17,5.36,1.64,54.62,139735.81
2026-05-10,Summer Sale,Facebook,Retail,North,New Customers,Tablet,32212,1787,113,45,68,3571.21,74425.27,5.55,6.32,2.0,20.84,70854.06
2026-05-10,Search Growth,Google Ads,E-commerce,South,New Customers,Desktop,48404,2095,137,70,67,4904.2,213802.33,4.33,6.54,2.34,43.6,208898.13
2026-05-10,Creator Campaign,Instagram,Retail,East,New Customers,Mobile,74107,4468,246,132,114,829.43,290821.22,6.03,5.51,0.19,350.63,289991.79
2026-05-10,B2B Lead Generation,LinkedIn,B2B,West,High Value,Mobile,25535,1515,119,72,47,3255.69,188485.27,5.93,7.85,2.15,57.89,185229.58
2026-05-10,Festive Offers,Google Ads,E-commerce,North,Small Business,Tablet,38491,2230,147,81,66,4260.59,158929.1,5.79,6.59,1.91,37.3,154668.51
2026-05-10,Brand Awareness,Facebook,Retail,West,New Customers,Mobile,63226,4943,556,372,184,2805.69,756427.69,7.82,11.25,0.57,269.6,753622.0
2026-05-10,Product Launch,Instagram,Technology,South,Small Business,Mobile,59340,3242,116,43,73,1150.47,223124.62,5.46,3.58,0.35,193.94,221974.15
2026-05-10,Enterprise Outreach,LinkedIn,B2B,East,Returning Customers,Tablet,27033,1217,50,17,33,1655.02,87485.6,4.5,4.11,1.36,52.86,85830.58
2026-05-11,Summer Sale,Facebook,Retail,North,Small Business,Desktop,81554,3860,152,75,77,4300.84,100232.9,4.73,3.94,1.11,23.31,95932.06
2026-05-11,Search Growth,Google Ads,E-commerce,South,Small Business,Desktop,117290,9937,977,617,360,2960.03,1615385.32,8.47,9.83,0.3,545.73,1612425.29
2026-05-11,Creator Campaign,Instagram,Retail,East,High Value,Desktop,80201,2056,92,38,54,3059.4,67763.96,2.56,4.47,1.49,22.15,64704.56
2026-05-11,B2B Lead Generation,LinkedIn,B2B,West,High Value,Desktop,62177,5244,408,165,243,3782.03,890689.67,8.43,7.78,0.72,235.51,886907.64
2026-05-11,Festive Offers,Google Ads,E-commerce,North,Returning Customers,Mobile,89954,2680,259,106,153,3199.46,329272.43,2.98,9.66,1.19,102.92,326072.97
2026-05-11,Brand Awareness,Facebook,Retail,West,Small Business,Desktop,25712,2042,59,32,27,1635.92,56705.13,7.94,2.89,0.8,34.66,55069.21
2026-05-11,Product Launch,Instagram,Technology,South,Returning Customers,Desktop,76167,2288,110,67,43,5224.15,172235.82,3.0,4.81,2.28,32.97,167011.67
2026-05-11,Enterprise Outreach,LinkedIn,B2B,East,Small Business,Tablet,48948,3464,105,50,55,1844.79,146388.17,7.08,3.03,0.53,79.35,144543.38
2026-05-12,Summer Sale,Facebook,Retail,North,Returning Customers,Mobile,47799,3399,360,210,150,3747.6,735017.91,7.11,10.59,1.1,196.13,731270.31
2026-05-12,Search Growth,Google Ads,E-commerce,South,Small Business,Tablet,106339,4831,349,177,172,4388.54,221166.36,4.54,7.22,0.91,50.4,216777.82
2026-05-12,Creator Campaign,Instagram,Retail,East,High Value,Tablet,59064,2105,120,86,34,1538.71,59212.86,3.56,5.7,0.73,38.48,57674.15
2026-05-12,B2B Lead Generation,LinkedIn,B2B,West,High Value,Desktop,38892,1689,138,87,51,588.09,129242.34,4.34,8.17,0.35,219.77,128654.25
2026-05-12,Festive Offers,Google Ads,E-commerce,North,Small Business,Mobile,78787,4902,344,219,125,5008.11,698603.38,6.22,7.02,1.02,139.49,693595.27
2026-05-12,Brand Awareness,Facebook,Retail,West,High Value,Desktop,78516,5646,606,318,288,1122.93,1049424.52,7.19,10.73,0.2,934.54,1048301.59
2026-05-12,Product Launch,Instagram,Technology,South,High Value,Desktop,95825,7971,944,613,331,2291.85,1636960.78,8.32,11.84,0.29,714.25,1634668.93
2026-05-12,Enterprise Outreach,LinkedIn,B2B,East,Small Business,Desktop,30739,996,28,20,8,3323.44,36595.29,3.24,2.81,3.34,11.01,33271.85
2026-05-13,Summer Sale,Facebook,Retail,North,Small Business,Mobile,47272,2349,235,157,78,1328.56,334183.63,4.97,10.0,0.57,251.54,332855.07
2026-05-13,Search Growth,Google Ads,E-commerce,South,Small Business,Tablet,113875,8467,241,94,147,3360.11,128988.58,7.44,2.85,0.4,38.39,125628.47
2026-05-13,Creator Campaign,Instagram,Retail,East,High Value,Tablet,68590,4898,525,194,331,4036.81,972050.78,7.14,10.72,0.82,240.8,968013.97
2026-05-13,B2B Lead Generation,LinkedIn,B2B,West,High Value,Mobile,26072,1624,172,106,66,577.28,232303.43,6.23,10.59,0.36,402.41,231726.15
2026-05-13,Festive Offers,Google Ads,E-commerce,North,Returning Customers,Tablet,82768,6516,578,282,296,2116.87,1122688.11,7.87,8.87,0.32,530.35,1120571.24
2026-05-13,Brand Awareness,Facebook,Retail,West,Small Business,Mobile,71100,3052,247,174,73,2344.78,229943.13,4.29,8.09,0.77,98.07,227598.35
2026-05-13,Product Launch,Instagram,Technology,South,New Customers,Tablet,72543,3301,307,143,164,5033.24,674724.88,4.55,9.3,1.52,134.05,669691.64
2026-05-13,Enterprise Outreach,LinkedIn,B2B,East,New Customers,Desktop,34196,1135,90,52,38,4116.29,150888.76,3.32,7.93,3.63,36.66,146772.47
2026-05-14,Summer Sale,Facebook,Retail,North,Small Business,Desktop,62622,3432,129,55,74,2944.58,73212.88,5.48,3.76,0.86,24.86,70268.3
2026-05-14,Search Growth,Google Ads,E-commerce,South,Small Business,Tablet,22038,1150,98,71,27,3169.54,116195.47,5.22,8.52,2.76,36.66,113025.93
2026-05-14,Creator Campaign,Instagram,Retail,East,High Value,Mobile,50096,2107,232,165,67,1737.04,236489.15,4.21,11.01,0.82,136.14,234752.11
2026-05-14,B2B Lead Generation,LinkedIn,B2B,West,Returning Customers,Mobile,43772,3043,246,109,137,3069.21,239584.51,6.95,8.08,1.01,78.06,236515.3
2026-05-14,Festive Offers,Google Ads,E-commerce,North,New Customers,Desktop,32549,2521,130,86,44,3904.42,238674.18,7.75,5.16,1.55,61.13,234769.76
2026-05-14,Brand Awareness,Facebook,Retail,West,Returning Customers,Tablet,43090,2308,275,195,80,3544.26,515794.75,5.36,11.92,1.54,145.53,512250.49
2026-05-14,Product Launch,Instagram,Technology,South,New Customers,Tablet,55297,3247,112,62,50,4217.43,237648.49,5.87,3.45,1.3,56.35,233431.06
2026-05-14,Enterprise Outreach,LinkedIn,B2B,East,High Value,Mobile,35604,966,112,50,62,895.81,58451.5,2.71,11.59,0.93,65.25,57555.69
2026-05-15,Summer Sale,Facebook,Retail,North,Returning Customers,Tablet,106614,5966,326,164,162,1133.53,210368.01,5.6,5.46,0.19,185.59,209234.48
2026-05-15,Search Growth,Google Ads,E-commerce,South,New Customers,Mobile,26377,1764,78,40,38,2902.42,88898.17,6.69,4.42,1.65,30.63,85995.75
2026-05-15,Creator Campaign,Instagram,Retail,East,New Customers,Desktop,34911,2679,67,32,35,2982.24,87544.11,7.67,2.5,1.11,29.36,84561.87
2026-05-15,B2B Lead Generation,LinkedIn,B2B,West,Small Business,Desktop,37879,2721,285,127,158,1559.74,289092.11,7.18,10.47,0.57,185.35,287532.37
2026-05-15,Festive Offers,Google Ads,E-commerce,North,High Value,Tablet,91706,3548,200,106,94,5940.72,106999.25,3.87,5.64,1.67,18.01,101058.53
2026-05-15,Brand Awareness,Facebook,Retail,West,Small Business,Mobile,61529,2093,61,21,40,1227.05,125534.38,3.4,2.91,0.59,102.31,124307.33
2026-05-15,Product Launch,Instagram,Technology,South,New Customers,Tablet,83865,2653,222,130,92,2045.85,321038.88,3.16,8.37,0.77,156.92,318993.03
2026-05-15,Enterprise Outreach,LinkedIn,B2B,East,Small Business,Tablet,59030,1492,158,104,54,2753.83,116098.57,2.53,10.59,1.85,42.16,113344.74
2026-05-16,Summer Sale,Facebook,Retail,North,Returning Customers,Tablet,44200,3541,241,119,122,4315.72,523725.94,8.01,6.81,1.22,121.35,519410.22
2026-05-16,Search Growth,Google Ads,E-commerce,South,High Value,Mobile,102581,4524,456,235,221,4837.76,377851.84,4.41,10.08,1.07,78.1,373014.08
2026-05-16,Creator Campaign,Instagram,Retail,East,New Customers,Tablet,72907,1953,113,72,41,751.8,83575.2,2.68,5.79,0.38,111.17,82823.4
2026-05-16,B2B Lead Generation,LinkedIn,B2B,West,Small Business,Mobile,54484,3776,208,83,125,3977.67,309754.32,6.93,5.51,1.05,77.87,305776.65
2026-05-16,Festive Offers,Google Ads,E-commerce,North,High Value,Desktop,75055,2655,194,69,125,6279.6,88660.58,3.54,7.31,2.37,14.12,82380.98
2026-05-16,Brand Awareness,Facebook,Retail,West,New Customers,Desktop,80532,4838,179,101,78,4506.35,356329.13,6.01,3.7,0.93,79.07,351822.78
2026-05-16,Product Launch,Instagram,Technology,South,Returning Customers,Mobile,31543,884,72,49,23,2326.31,116016.25,2.8,8.14,2.63,49.87,113689.94
2026-05-16,Enterprise Outreach,LinkedIn,B2B,East,New Customers,Desktop,12271,745,34,20,14,3671.0,30393.04,6.07,4.56,4.93,8.28,26722.04
2026-05-17,Summer Sale,Facebook,Retail,North,Returning Customers,Mobile,65272,4285,402,298,104,4105.56,714450.04,6.56,9.38,0.96,174.02,710344.48
2026-05-17,Search Growth,Google Ads,E-commerce,South,Small Business,Mobile,62700,3503,91,46,45,6103.27,123796.64,5.59,2.6,1.74,20.28,117693.37
2026-05-17,Creator Campaign,Instagram,Retail,East,Small Business,Tablet,69270,3373,303,127,176,1346.15,646211.69,4.87,8.98,0.4,480.04,644865.54
2026-05-17,B2B Lead Generation,LinkedIn,B2B,West,High Value,Tablet,23972,1834,204,131,73,1374.65,259518.92,7.65,11.12,0.75,188.79,258144.27
2026-05-17,Festive Offers,Google Ads,E-commerce,North,Returning Customers,Desktop,72957,4087,390,225,165,4840.87,709870.29,5.6,9.54,1.18,146.64,705029.42
2026-05-17,Brand Awareness,Facebook,Retail,West,Returning Customers,Tablet,20561,1629,174,75,99,4077.78,108708.12,7.92,10.68,2.5,26.66,104630.34
2026-05-17,Product Launch,Instagram,Technology,South,New Customers,Desktop,54103,4531,275,139,136,4567.97,550893.59,8.37,6.07,1.01,120.6,546325.62
2026-05-17,Enterprise Outreach,LinkedIn,B2B,East,High Value,Desktop,29200,1796,144,104,40,1997.9,216447.24,6.15,8.02,1.11,108.34,214449.34
2026-05-18,Summer Sale,Facebook,Retail,North,New Customers,Mobile,24091,1147,71,44,27,1595.19,52186.78,4.76,6.19,1.39,32.72,50591.59
2026-05-18,Search Growth,Google Ads,E-commerce,South,Returning Customers,Mobile,54621,4494,216,151,65,1586.03,382024.72,8.23,4.81,0.35,240.87,380438.69
2026-05-18,Creator Campaign,Instagram,Retail,East,New Customers,Mobile,48310,1746,130,47,83,2800.98,117522.56,3.61,7.45,1.6,41.96,114721.58
2026-05-18,B2B Lead Generation,LinkedIn,B2B,West,New Customers,Mobile,40888,3375,293,132,161,2462.75,188607.36,8.25,8.68,0.73,76.58,186144.61
2026-05-18,Festive Offers,Google Ads,E-commerce,North,Small Business,Desktop,44218,3431,379,277,102,6239.82,822104.7,7.76,11.05,1.82,131.75,815864.88
2026-05-18,Brand Awareness,Facebook,Retail,West,High Value,Desktop,18347,610,32,22,10,3018.52,19830.76,3.32,5.25,4.95,6.57,16812.24
2026-05-18,Product Launch,Instagram,Technology,South,High Value,Desktop,49710,1735,85,49,36,1616.45,164975.06,3.49,4.9,0.93,102.06,163358.61
2026-05-18,Enterprise Outreach,LinkedIn,B2B,East,New Customers,Mobile,52600,2249,135,88,47,1982.48,240303.54,4.28,6.0,0.88,121.21,238321.06
2026-05-19,Summer Sale,Facebook,Retail,North,Small Business,Desktop,72302,2330,256,176,80,1418.28,233713.84,3.22,10.99,0.61,164.79,232295.56
2026-05-19,Search Growth,Google Ads,E-commerce,South,High Value,Tablet,38422,1913,129,89,40,2534.28,218387.85,4.98,6.74,1.32,86.17,215853.57
2026-05-19,Creator Campaign,Instagram,Retail,East,Returning Customers,Mobile,67478,3836,186,135,51,1781.27,136188.2,5.68,4.85,0.46,76.46,134406.93
2026-05-19,B2B Lead Generation,LinkedIn,B2B,West,Small Business,Desktop,65279,4676,346,195,151,2443.93,476461.0,7.16,7.4,0.52,194.96,474017.07
2026-05-19,Festive Offers,Google Ads,E-commerce,North,New Customers,Desktop,48418,1575,181,75,106,3465.81,383377.85,3.25,11.49,2.2,110.62,379912.04
2026-05-19,Brand Awareness,Facebook,Retail,West,New Customers,Mobile,50922,1907,93,66,27,759.84,61209.65,3.74,4.88,0.4,80.56,60449.81
2026-05-19,Product Launch,Instagram,Technology,South,High Value,Mobile,92021,4867,306,228,78,3578.36,237966.45,5.29,6.29,0.74,66.5,234388.09
2026-05-19,Enterprise Outreach,LinkedIn,B2B,East,High Value,Mobile,57279,3980,276,134,142,1075.36,568881.61,6.95,6.93,0.27,529.02,567806.25
2026-05-20,Summer Sale,Facebook,Retail,North,Returning Customers,Mobile,101862,7402,622,270,352,5164.83,1143772.12,7.27,8.4,0.7,221.45,1138607.29
2026-05-20,Search Growth,Google Ads,E-commerce,South,Small Business,Mobile,113782,5834,500,231,269,959.96,1094197.44,5.13,8.57,0.16,1139.84,1093237.48
2026-05-20,Creator Campaign,Instagram,Retail,East,Returning Customers,Desktop,42573,1393,54,38,16,3548.21,61431.64,3.27,3.88,2.55,17.31,57883.43
2026-05-20,B2B Lead Generation,LinkedIn,B2B,West,High Value,Tablet,31148,2135,146,78,68,3094.21,218922.16,6.85,6.84,1.45,70.75,215827.95
2026-05-20,Festive Offers,Google Ads,E-commerce,North,Returning Customers,Mobile,62579,2229,199,105,94,5474.96,103568.36,3.56,8.93,2.46,18.92,98093.4
2026-05-20,Brand Awareness,Facebook,Retail,West,Returning Customers,Tablet,73742,5160,615,289,326,2925.71,987070.39,7.0,11.92,0.57,337.38,984144.68
2026-05-20,Product Launch,Instagram,Technology,South,Returning Customers,Tablet,75445,5229,330,182,148,3736.4,564174.41,6.93,6.31,0.71,150.99,560438.01
2026-05-20,Enterprise Outreach,LinkedIn,B2B,East,Returning Customers,Mobile,62273,3123,270,142,128,1757.5,314354.03,5.02,8.65,0.56,178.86,312596.53
2026-05-21,Summer Sale,Facebook,Retail,North,New Customers,Tablet,92450,6013,524,251,273,4658.36,253925.83,6.5,8.71,0.77,54.51,249267.47
2026-05-21,Search Growth,Google Ads,E-commerce,South,Small Business,Mobile,40277,2887,308,123,185,2543.49,498570.7,7.17,10.67,0.88,196.02,496027.21
2026-05-21,Creator Campaign,Instagram,Retail,East,New Customers,Desktop,68818,2891,257,145,112,4816.09,206734.45,4.2,8.89,1.67,42.93,201918.36
2026-05-21,B2B Lead Generation,LinkedIn,B2B,West,High Value,Tablet,54083,4444,368,175,193,1539.61,568407.93,8.22,8.28,0.35,369.19,566868.32
2026-05-21,Festive Offers,Google Ads,E-commerce,North,Returning Customers,Desktop,62056,4103,111,65,46,3013.34,219939.65,6.61,2.71,0.73,72.99,216926.31
2026-05-21,Brand Awareness,Facebook,Retail,West,Returning Customers,Desktop,43465,3527,374,204,170,2021.97,524706.93,8.11,10.6,0.57,259.5,522684.96
2026-05-21,Product Launch,Instagram,Technology,South,Returning Customers,Mobile,83570,3313,370,274,96,5648.06,712551.57,3.96,11.17,1.7,126.16,706903.51
2026-05-21,Enterprise Outreach,LinkedIn,B2B,East,High Value,Desktop,53155,3767,367,163,204,2255.19,458306.42,7.09,9.74,0.6,203.22,456051.23
2026-05-22,Summer Sale,Facebook,Retail,North,Returning Customers,Mobile,75040,3036,244,165,79,3201.5,203251.77,4.05,8.04,1.05,63.49,200050.27
2026-05-22,Search Growth,Google Ads,E-commerce,South,New Customers,Mobile,107381,3764,96,65,31,3123.12,177181.82,3.51,2.55,0.83,56.73,174058.7
2026-05-22,Creator Campaign,Instagram,Retail,East,Small Business,Mobile,64116,2048,127,52,75,5218.66,99953.31,3.19,6.2,2.55,19.15,94734.65
2026-05-22,B2B Lead Generation,LinkedIn,B2B,West,High Value,Tablet,37368,2323,263,106,157,4326.35,150402.1,6.22,11.32,1.86,34.76,146075.75
2026-05-22,Festive Offers,Google Ads,E-commerce,North,Returning Customers,Mobile,38763,3027,266,111,155,1422.38,507242.38,7.81,8.79,0.47,356.62,505820.0
2026-05-22,Brand Awareness,Facebook,Retail,West,New Customers,Tablet,42085,2446,177,132,45,3594.22,281819.72,5.81,7.24,1.47,78.41,278225.5
2026-05-22,Product Launch,Instagram,Technology,South,High Value,Mobile,19121,587,55,29,26,5926.79,55388.91,3.07,9.37,10.1,9.35,49462.12
2026-05-22,Enterprise Outreach,LinkedIn,B2B,East,Small Business,Tablet,35143,986,87,59,28,1797.02,159041.37,2.81,8.82,1.82,88.5,157244.35
2026-05-23,Summer Sale,Facebook,Retail,North,Returning Customers,Mobile,102283,4530,435,307,128,5456.0,569719.73,4.43,9.6,1.2,104.42,564263.73
2026-05-23,Search Growth,Google Ads,E-commerce,South,High Value,Mobile,34820,2707,92,34,58,1939.85,127348.24,7.77,3.4,0.72,65.65,125408.39
2026-05-23,Creator Campaign,Instagram,Retail,East,New Customers,Desktop,30401,1555,153,103,50,823.86,243491.97,5.11,9.84,0.53,295.55,242668.11
2026-05-23,B2B Lead Generation,LinkedIn,B2B,West,New Customers,Mobile,22080,746,79,53,26,3720.8,110058.7,3.38,10.59,4.99,29.58,106337.9
2026-05-23,Festive Offers,Google Ads,E-commerce,North,Returning Customers,Tablet,53767,3724,184,119,65,4957.86,245145.51,6.93,4.94,1.33,49.45,240187.65
2026-05-23,Brand Awareness,Facebook,Retail,West,Small Business,Mobile,44865,2111,96,38,58,1530.2,169450.46,4.71,4.55,0.72,110.74,167920.26
2026-05-23,Product Launch,Instagram,Technology,South,New Customers,Tablet,44322,1574,162,65,97,2874.11,353675.13,3.55,10.29,1.83,123.06,350801.02
2026-05-23,Enterprise Outreach,LinkedIn,B2B,East,Returning Customers,Mobile,48011,2492,155,108,47,3675.3,334380.32,5.19,6.22,1.47,90.98,330705.02
2026-05-24,Summer Sale,Facebook,Retail,North,New Customers,Desktop,73543,4733,248,141,107,5072.02,357426.56,6.44,5.24,1.07,70.47,352354.54
2026-05-24,Search Growth,Google Ads,E-commerce,South,High Value,Mobile,104140,7043,193,105,88,1265.5,290026.37,6.76,2.74,0.18,229.18,288760.87
2026-05-24,Creator Campaign,Instagram,Retail,East,Returning Customers,Mobile,34797,2452,253,115,138,3224.18,284472.34,7.05,10.32,1.31,88.23,281248.16
2026-05-24,B2B Lead Generation,LinkedIn,B2B,West,New Customers,Mobile,43314,1900,149,52,97,3158.35,84280.15,4.39,7.84,1.66,26.68,81121.8
2026-05-24,Festive Offers,Google Ads,E-commerce,North,Small Business,Tablet,68839,4390,181,97,84,5719.26,230308.54,6.38,4.12,1.3,40.27,224589.28
2026-05-24,Brand Awareness,Facebook,Retail,West,New Customers,Mobile,76648,2189,99,61,38,3160.53,78418.04,2.86,4.52,1.44,24.81,75257.51
2026-05-24,Product Launch,Instagram,Technology,South,New Customers,Mobile,90117,3372,219,152,67,1700.01,150170.72,3.74,6.49,0.5,88.34,148470.71
2026-05-24,Enterprise Outreach,LinkedIn,B2B,East,Returning Customers,Mobile,29271,1365,41,24,17,1811.53,37449.91,4.66,3.0,1.33,20.67,35638.38
2026-05-25,Summer Sale,Facebook,Retail,North,Small Business,Desktop,90100,7278,250,149,101,1458.64,162955.32,8.08,3.44,0.2,111.72,161496.68
2026-05-25,Search Growth,Google Ads,E-commerce,South,Returning Customers,Mobile,32598,2482,239,178,61,6257.36,327574.82,7.61,9.63,2.52,52.35,321317.46
2026-05-25,Creator Campaign,Instagram,Retail,East,Returning Customers,Tablet,29209,1297,149,62,87,3295.49,277264.29,4.44,11.49,2.54,84.13,273968.8
2026-05-25,B2B Lead Generation,LinkedIn,B2B,West,Small Business,Desktop,70717,3883,279,142,137,4288.2,311442.58,5.49,7.19,1.1,72.63,307154.38
2026-05-25,Festive Offers,Google Ads,E-commerce,North,New Customers,Desktop,57801,2558,110,64,46,1375.12,216232.84,4.43,4.3,0.54,157.25,214857.72
2026-05-25,Brand Awareness,Facebook,Retail,West,High Value,Desktop,37710,1867,123,88,35,3365.2,254837.11,4.95,6.59,1.8,75.73,251471.91
2026-05-25,Product Launch,Instagram,Technology,South,Returning Customers,Desktop,80267,4178,329,188,141,3208.4,527327.28,5.21,7.87,0.77,164.36,524118.88
2026-05-25,Enterprise Outreach,LinkedIn,B2B,East,Small Business,Desktop,29289,1339,81,51,30,865.7,59989.38,4.57,6.05,0.65,69.3,59123.68
2026-05-26,Summer Sale,Facebook,Retail,North,New Customers,Mobile,95692,5622,544,392,152,2322.75,1031903.97,5.88,9.68,0.41,444.26,1029581.22
2026-05-26,Search Growth,Google Ads,E-commerce,South,Small Business,Desktop,80735,5258,157,112,45,7071.97,178485.18,6.51,2.99,1.34,25.24,171413.21
2026-05-26,Creator Campaign,Instagram,Retail,East,New Customers,Mobile,83996,2294,205,132,73,3230.77,101768.51,2.73,8.94,1.41,31.5,98537.74
2026-05-26,B2B Lead Generation,LinkedIn,B2B,West,Small Business,Tablet,63128,3458,239,115,124,581.02,436566.24,5.48,6.91,0.17,751.38,435985.22
2026-05-26,Festive Offers,Google Ads,E-commerce,North,Returning Customers,Mobile,102497,6037,305,167,138,1691.45,550857.09,5.89,5.05,0.28,325.67,549165.64
2026-05-26,Brand Awareness,Facebook,Retail,West,Small Business,Tablet,49712,4122,480,282,198,4326.37,373591.81,8.29,11.64,1.05,86.35,369265.44
2026-05-26,Product Launch,Instagram,Technology,South,Returning Customers,Tablet,64317,1998,203,150,53,3313.71,291850.5,3.11,10.16,1.66,88.07,288536.79
2026-05-26,Enterprise Outreach,LinkedIn,B2B,East,New Customers,Tablet,45405,2292,137,91,46,2028.43,90036.18,5.05,5.98,0.89,44.39,88007.75
2026-05-27,Summer Sale,Facebook,Retail,North,Returning Customers,Desktop,24200,1046,113,60,53,978.07,153770.46,4.32,10.8,0.94,157.22,152792.39
2026-05-27,Search Growth,Google Ads,E-commerce,South,High Value,Desktop,90124,3136,277,101,176,3386.24,424571.99,3.48,8.83,1.08,125.38,421185.75
2026-05-27,Creator Campaign,Instagram,Retail,East,High Value,Desktop,82724,3131,119,46,73,1524.44,125217.38,3.78,3.8,0.49,82.14,123692.94
2026-05-27,B2B Lead Generation,LinkedIn,B2B,West,Small Business,Tablet,68838,3393,345,210,135,4301.76,203993.93,4.93,10.17,1.27,47.42,199692.17
2026-05-27,Festive Offers,Google Ads,E-commerce,North,High Value,Desktop,93508,4744,312,233,79,1003.16,432292.01,5.07,6.58,0.21,430.93,431288.85
2026-05-27,Brand Awareness,Facebook,Retail,West,Returning Customers,Tablet,78212,2144,197,72,125,1933.62,399955.51,2.74,9.19,0.9,206.84,398021.89
2026-05-27,Product Launch,Instagram,Technology,South,Small Business,Mobile,79346,2543,78,43,35,5177.26,56360.92,3.2,3.07,2.04,10.89,51183.66
2026-05-27,Enterprise Outreach,LinkedIn,B2B,East,Returning Customers,Mobile,62760,3705,232,171,61,2127.06,130025.57,5.9,6.26,0.57,61.13,127898.51
2026-05-28,Summer Sale,Facebook,Retail,North,New Customers,Desktop,89214,3761,438,277,161,1383.09,861887.78,4.22,11.65,0.37,623.16,860504.69
2026-05-28,Search Growth,Google Ads,E-commerce,South,Returning Customers,Desktop,104288,8713,914,610,304,7058.12,614332.94,8.35,10.49,0.81,87.04,607274.82
2026-05-28,Creator Campaign,Instagram,Retail,East,High Value,Tablet,41898,3307,387,206,181,3879.06,501220.02,7.89,11.7,1.17,129.21,497340.96
2026-05-28,B2B Lead Generation,LinkedIn,B2B,West,High Value,Desktop,35180,1642,102,67,35,904.65,59722.34,4.67,6.21,0.55,66.02,58817.69
2026-05-28,Festive Offers,Google Ads,E-commerce,North,Small Business,Tablet,33950,2095,59,43,16,1674.53,47800.89,6.17,2.82,0.8,28.55,46126.36
2026-05-28,Brand Awareness,Facebook,Retail,West,Returning Customers,Mobile,28261,1581,180,66,114,4851.47,155453.54,5.59,11.39,3.07,32.04,150602.07
2026-05-28,Product Launch,Instagram,Technology,South,New Customers,Tablet,93464,3430,271,162,109,5587.73,376726.06,3.67,7.9,1.63,67.42,371138.33
2026-05-28,Enterprise Outreach,LinkedIn,B2B,East,New Customers,Mobile,22605,1650,138,67,71,3635.89,291245.61,7.3,8.36,2.2,80.1,287609.72
2026-05-29,Summer Sale,Facebook,Retail,North,New Customers,Desktop,60474,3100,356,201,155,3019.06,640391.71,5.13,11.48,0.97,212.12,637372.65
2026-05-29,Search Growth,Google Ads,E-commerce,South,Small Business,Tablet,38758,1714,149,65,84,5305.09,180413.6,4.42,8.69,3.1,34.01,175108.51
2026-05-29,Creator Campaign,Instagram,Retail,East,New Customers,Mobile,78564,6379,273,152,121,1154.34,360601.19,8.12,4.28,0.18,312.39,359446.85
2026-05-29,B2B Lead Generation,LinkedIn,B2B,West,Small Business,Mobile,42491,2175,259,134,125,2427.32,333179.29,5.12,11.91,1.12,137.26,330751.97
2026-05-29,Festive Offers,Google Ads,E-commerce,North,High Value,Desktop,80551,3115,266,143,123,1085.6,576535.7,3.87,8.54,0.35,531.08,575450.1
2026-05-29,Brand Awareness,Facebook,Retail,West,Small Business,Desktop,74030,3963,121,80,41,4181.96,191702.9,5.35,3.05,1.06,45.84,187520.94
2026-05-29,Product Launch,Instagram,Technology,South,High Value,Tablet,54124,4133,351,217,134,2605.72,564908.8,7.64,8.49,0.63,216.8,562303.08
2026-05-29,Enterprise Outreach,LinkedIn,B2B,East,Returning Customers,Desktop,65283,3084,201,129,72,3448.64,268351.89,4.72,6.52,1.12,77.81,264903.25
2026-05-30,Summer Sale,Facebook,Retail,North,New Customers,Mobile,65918,4595,172,111,61,1983.84,266074.32,6.97,3.74,0.43,134.12,264090.48
2026-05-30,Search Growth,Google Ads,E-commerce,South,Returning Customers,Mobile,110836,4583,162,69,93,7140.18,116678.95,4.13,3.53,1.56,16.34,109538.77
2026-05-30,Creator Campaign,Instagram,Retail,East,High Value,Tablet,37623,2933,285,140,145,3894.2,215621.31,7.8,9.72,1.33,55.37,211727.11
2026-05-30,B2B Lead Generation,LinkedIn,B2B,West,Small Business,Tablet,40704,1377,70,39,31,1744.0,47091.33,3.38,5.08,1.27,27.0,45347.33
2026-05-30,Festive Offers,Google Ads,E-commerce,North,New Customers,Desktop,30104,1621,160,84,76,4933.91,300220.47,5.38,9.87,3.04,60.85,295286.56
2026-05-30,Brand Awareness,Facebook,Retail,West,High Value,Mobile,68886,2717,161,81,80,1391.86,204163.77,3.94,5.93,0.51,146.68,202771.91
2026-05-30,Product Launch,Instagram,Technology,South,Small Business,Tablet,91565,4013,204,96,108,1461.1,248459.35,4.38,5.08,0.36,170.05,246998.25
2026-05-30,Enterprise Outreach,LinkedIn,B2B,East,New Customers,Tablet,32021,1253,122,74,48,3873.01,161208.45,3.91,9.74,3.09,41.62,157335.44
2026-05-31,Summer Sale,Facebook,Retail,North,Small Business,Tablet,74124,4581,501,267,234,6073.58,919355.09,6.18,10.94,1.33,151.37,913281.51
2026-05-31,Search Growth,Google Ads,E-commerce,South,Small Business,Desktop,28466,738,51,29,22,4148.16,59307.09,2.59,6.91,5.62,14.3,55158.93
2026-05-31,Creator Campaign,Instagram,Retail,East,Small Business,Tablet,60029,1892,87,65,22,4281.1,168233.16,3.15,4.6,2.26,39.3,163952.06
2026-05-31,B2B Lead Generation,LinkedIn,B2B,West,High Value,Tablet,64374,5046,276,163,113,2102.38,253685.11,7.84,5.47,0.42,120.67,251582.73
2026-05-31,Festive Offers,Google Ads,E-commerce,North,Returning Customers,Desktop,54496,3183,169,63,106,1742.3,133776.12,5.84,5.31,0.55,76.78,132033.82
2026-05-31,Brand Awareness,Facebook,Retail,West,New Customers,Tablet,77577,3814,397,166,231,3573.34,311987.23,4.92,10.41,0.94,87.31,308413.89
2026-05-31,Product Launch,Instagram,Technology,South,Returning Customers,Tablet,97277,7762,297,131,166,4348.3,556972.8,7.98,3.83,0.56,128.09,552624.5
2026-05-31,Enterprise Outreach,LinkedIn,B2B,East,Small Business,Tablet,26786,2219,111,50,61,2072.85,133966.15,8.28,5.0,0.93,64.63,131893.3
2026-06-01,Summer Sale,Facebook,Retail,North,Small Business,Desktop,72746,3469,361,208,153,2067.31,165170.17,4.77,10.41,0.6,79.9,163102.86
2026-06-01,Search Growth,Google Ads,E-commerce,South,New Customers,Desktop,120899,3302,147,56,91,4307.57,274507.25,2.73,4.45,1.3,63.73,270199.68
2026-06-01,Creator Campaign,Instagram,Retail,East,High Value,Tablet,38359,1814,77,41,36,1556.46,89904.07,4.73,4.24,0.86,57.76,88347.61
2026-06-01,B2B Lead Generation,LinkedIn,B2B,West,New Customers,Tablet,63708,4047,366,187,179,4334.67,428485.72,6.35,9.04,1.07,98.85,424151.05
2026-06-01,Festive Offers,Google Ads,E-commerce,North,New Customers,Mobile,23418,1610,155,66,89,1344.79,196757.77,6.88,9.63,0.84,146.31,195412.98
2026-06-01,Brand Awareness,Facebook,Retail,West,High Value,Mobile,26012,1374,72,48,24,4068.98,146758.22,5.28,5.24,2.96,36.07,142689.24
2026-06-01,Product Launch,Instagram,Technology,South,Returning Customers,Desktop,66112,2663,100,43,57,5753.26,115358.36,4.03,3.76,2.16,20.05,109605.1
2026-06-01,Enterprise Outreach,LinkedIn,B2B,East,New Customers,Mobile,58875,2882,81,53,28,1107.99,127063.74,4.9,2.81,0.38,114.68,125955.75
2026-06-02,Summer Sale,Facebook,Retail,North,Small Business,Desktop,53344,4057,428,298,130,2151.33,230451.46,7.61,10.55,0.53,107.12,228300.13
2026-06-02,Search Growth,Google Ads,E-commerce,South,New Customers,Tablet,51212,3182,309,224,85,1776.34,561288.34,6.21,9.71,0.56,315.98,559512.0
2026-06-02,Creator Campaign,Instagram,Retail,East,Returning Customers,Desktop,83734,6497,487,316,171,4061.16,918426.19,7.76,7.5,0.63,226.15,914365.03
2026-06-02,B2B Lead Generation,LinkedIn,B2B,West,Small Business,Desktop,29271,938,44,25,19,2491.04,58706.32,3.2,4.69,2.66,23.57,56215.28
2026-06-02,Festive Offers,Google Ads,E-commerce,North,Small Business,Tablet,89020,7102,344,192,152,4870.61,562939.06,7.98,4.84,0.69,115.58,558068.45
2026-06-02,Brand Awareness,Facebook,Retail,West,Returning Customers,Desktop,26225,1906,221,164,57,3748.33,454432.35,7.27,11.59,1.97,121.24,450684.02
2026-06-02,Product Launch,Instagram,Technology,South,High Value,Mobile,45831,2449,290,203,87,1265.31,339780.27,5.34,11.84,0.52,268.54,338514.96
2026-06-02,Enterprise Outreach,LinkedIn,B2B,East,New Customers,Tablet,27227,1967,120,56,64,4052.92,239541.27,7.22,6.1,2.06,59.1,235488.35
2026-06-03,Summer Sale,Facebook,Retail,North,Returning Customers,Tablet,36672,2250,197,86,111,5618.47,97079.43,6.14,8.76,2.5,17.28,91460.96
2026-06-03,Search Growth,Google Ads,E-commerce,South,Small Business,Mobile,92330,5430,391,272,119,1302.76,414257.77,5.88,7.2,0.24,317.98,412955.01
2026-06-03,Creator Campaign,Instagram,Retail,East,Returning Customers,Mobile,74187,6061,180,125,55,4083.66,162147.97,8.17,2.97,0.67,39.71,158064.31
2026-06-03,B2B Lead Generation,LinkedIn,B2B,West,Small Business,Mobile,56764,4435,201,90,111,2600.16,364558.2,7.81,4.53,0.59,140.21,361958.04
2026-06-03,Festive Offers,Google Ads,E-commerce,North,New Customers,Mobile,52407,4324,399,224,175,4313.29,699044.32,8.25,9.23,1.0,162.07,694731.03
2026-06-03,Brand Awareness,Facebook,Retail,West,New Customers,Desktop,45639,2371,203,136,67,1500.63,406832.85,5.2,8.56,0.63,271.11,405332.22
2026-06-03,Product Launch,Instagram,Technology,South,High Value,Tablet,96636,3233,379,183,196,5537.27,781998.52,3.35,11.72,1.71,141.22,776461.25
2026-06-03,Enterprise Outreach,LinkedIn,B2B,East,New Customers,Mobile,20763,782,26,19,7,957.4,14944.36,3.77,3.32,1.22,15.61,13986.96
2026-06-04,Summer Sale,Facebook,Retail,North,New Customers,Mobile,20708,1545,123,86,37,5300.64,191153.81,7.46,7.96,3.43,36.06,185853.17
2026-06-04,Search Growth,Google Ads,E-commerce,South,New Customers,Mobile,84894,4781,443,237,206,3844.11,467635.98,5.63,9.27,0.8,121.65,463791.87
2026-06-04,Creator Campaign,Instagram,Retail,East,Small Business,Tablet,44225,1797,71,34,37,1788.37,136577.22,4.06,3.95,1.0,76.37,134788.85
2026-06-04,B2B Lead Generation,LinkedIn,B2B,West,Returning Customers,Tablet,53162,4060,131,57,74,3497.69,129482.31,7.64,3.23,0.86,37.02,125984.62
2026-06-04,Festive Offers,Google Ads,E-commerce,North,Small Business,Desktop,73353,3132,247,147,100,2404.88,350739.94,4.27,7.89,0.77,145.85,348335.06
2026-06-04,Brand Awareness,Facebook,Retail,West,High Value,Mobile,54697,3413,129,80,49,3626.09,210374.89,6.24,3.78,1.06,58.02,206748.8
2026-06-04,Product Launch,Instagram,Technology,South,Returning Customers,Tablet,78480,3888,129,83,46,1944.1,157597.31,4.95,3.32,0.5,81.06,155653.21
2026-06-04,Enterprise Outreach,LinkedIn,B2B,East,New Customers,Desktop,24584,1838,141,77,64,3262.52,180053.19,7.48,7.67,1.78,55.19,176790.67
2026-06-05,Summer Sale,Facebook,Retail,North,Small Business,Desktop,82929,4520,340,128,212,4307.5,591821.51,5.45,7.52,0.95,137.39,587514.01
2026-06-05,Search Growth,Google Ads,E-commerce,South,High Value,Desktop,72462,3905,439,322,117,4142.92,557337.25,5.39,11.24,1.06,134.53,553194.33
2026-06-05,Creator Campaign,Instagram,Retail,East,New Customers,Desktop,56213,2136,72,47,25,667.59,86825.15,3.8,3.37,0.31,130.06,86157.56
2026-06-05,B2B Lead Generation,LinkedIn,B2B,West,Returning Customers,Desktop,56007,1508,119,49,70,1152.45,249529.14,2.69,7.89,0.76,216.52,248376.69
2026-06-05,Festive Offers,Google Ads,E-commerce,North,Returning Customers,Tablet,34088,2164,138,98,40,4998.23,117809.01,6.35,6.38,2.31,23.57,112810.78
2026-06-05,Brand Awareness,Facebook,Retail,West,Returning Customers,Mobile,47263,3325,351,163,188,4944.94,295508.63,7.04,10.56,1.49,59.76,290563.69
2026-06-05,Product Launch,Instagram,Technology,South,Returning Customers,Tablet,72782,4363,520,314,206,5998.67,713363.64,5.99,11.92,1.37,118.92,707364.97
2026-06-05,Enterprise Outreach,LinkedIn,B2B,East,Small Business,Desktop,59622,4827,214,100,114,2427.75,408197.48,8.1,4.43,0.5,168.14,405769.73
2026-06-06,Summer Sale,Facebook,Retail,North,Small Business,Desktop,39740,3342,371,177,194,5439.06,341682.98,8.41,11.1,1.63,62.82,336243.92
2026-06-06,Search Growth,Google Ads,E-commerce,South,Small Business,Desktop,75662,4437,324,210,114,5070.62,377319.15,5.86,7.3,1.14,74.41,372248.53
2026-06-06,Creator Campaign,Instagram,Retail,East,Returning Customers,Mobile,44464,1451,62,27,35,4543.38,76321.63,3.26,4.27,3.13,16.8,71778.25
2026-06-06,B2B Lead Generation,LinkedIn,B2B,West,Small Business,Mobile,57560,3352,90,55,35,1774.83,68377.72,5.82,2.68,0.53,38.53,66602.89
2026-06-06,Festive Offers,Google Ads,E-commerce,North,New Customers,Desktop,76524,2165,173,71,102,924.91,334821.81,2.83,7.99,0.43,362.0,333896.9
2026-06-06,Brand Awareness,Facebook,Retail,West,New Customers,Mobile,54442,2813,188,132,56,940.16,348705.49,5.17,6.68,0.33,370.9,347765.33
2026-06-06,Product Launch,Instagram,Technology,South,New Customers,Mobile,61722,4890,377,231,146,1562.21,303441.0,7.92,7.71,0.32,194.24,301878.79
2026-06-06,Enterprise Outreach,LinkedIn,B2B,East,Small Business,Desktop,52020,3171,366,197,169,2303.63,357024.16,6.1,11.54,0.73,154.98,354720.53
2026-06-07,Summer Sale,Facebook,Retail,North,New Customers,Desktop,84637,2349,137,72,65,4937.72,66070.46,2.78,5.83,2.1,13.38,61132.74
2026-06-07,Search Growth,Google Ads,E-commerce,South,Small Business,Desktop,85455,5266,520,203,317,6197.17,881652.3,6.16,9.87,1.18,142.27,875455.13
2026-06-07,Creator Campaign,Instagram,Retail,East,High Value,Mobile,58484,2323,67,34,33,1684.57,83486.37,3.97,2.88,0.73,49.56,81801.8
2026-06-07,B2B Lead Generation,LinkedIn,B2B,West,Returning Customers,Tablet,22600,1682,189,67,122,1333.18,392506.24,7.44,11.24,0.79,294.41,391173.06
2026-06-07,Festive Offers,Google Ads,E-commerce,North,Small Business,Mobile,61957,1593,155,114,41,6160.51,315475.98,2.57,9.73,3.87,51.21,309315.47
2026-06-07,Brand Awareness,Facebook,Retail,West,High Value,Desktop,50646,1503,158,81,77,3281.74,241074.71,2.97,10.51,2.18,73.46,237792.97
2026-06-07,Product Launch,Instagram,Technology,South,New Customers,Tablet,57895,4017,129,69,60,4623.24,249706.88,6.94,3.21,1.15,54.01,245083.64
2026-06-07,Enterprise Outreach,LinkedIn,B2B,East,Returning Customers,Mobile,39927,1746,204,85,119,3164.25,223528.91,4.37,11.68,1.81,70.64,220364.66
2026-06-08,Summer Sale,Facebook,Retail,North,Returning Customers,Mobile,83539,6812,645,323,322,2079.8,1260479.63,8.15,9.47,0.31,606.06,1258399.83
2026-06-08,Search Growth,Google Ads,E-commerce,South,High Value,Tablet,106486,4206,352,220,132,6949.82,317262.71,3.95,8.37,1.65,45.65,310312.89
2026-06-08,Creator Campaign,Instagram,Retail,East,New Customers,Tablet,52889,1602,142,76,66,2214.2,81604.25,3.03,8.86,1.38,36.85,79390.05
2026-06-08,B2B Lead Generation,LinkedIn,B2B,West,New Customers,Desktop,57225,2409,136,93,43,3807.49,184977.12,4.21,5.65,1.58,48.58,181169.63
2026-06-08,Festive Offers,Google Ads,E-commerce,North,Small Business,Mobile,86332,5529,199,80,119,5690.71,259936.6,6.4,3.6,1.03,45.68,254245.89
2026-06-08,Brand Awareness,Facebook,Retail,West,High Value,Desktop,23805,1577,46,24,22,1868.09,31952.9,6.62,2.92,1.18,17.1,30084.81
2026-06-08,Product Launch,Instagram,Technology,South,High Value,Tablet,61190,2556,71,43,28,4013.96,78384.46,4.18,2.78,1.57,19.53,74370.5
2026-06-08,Enterprise Outreach,LinkedIn,B2B,East,New Customers,Desktop,17362,448,21,14,7,2168.57,23932.15,2.58,4.69,4.84,11.04,21763.58
2026-06-09,Summer Sale,Facebook,Retail,North,High Value,Tablet,94219,5710,154,79,75,3807.17,162232.02,6.06,2.7,0.67,42.61,158424.85
2026-06-09,Search Growth,Google Ads,E-commerce,South,Small Business,Mobile,30403,2188,250,163,87,1089.3,375600.58,7.2,11.43,0.5,344.81,374511.28
2026-06-09,Creator Campaign,Instagram,Retail,East,Small Business,Tablet,69088,4348,492,259,233,5138.38,257860.0,6.29,11.32,1.18,50.18,252721.62
2026-06-09,B2B Lead Generation,LinkedIn,B2B,West,New Customers,Tablet,44819,1515,86,45,41,4352.57,41142.68,3.38,5.68,2.87,9.45,36790.11
2026-06-09,Festive Offers,Google Ads,E-commerce,North,Returning Customers,Tablet,61447,3305,389,144,245,3426.32,264174.68,5.38,11.77,1.04,77.1,260748.36
2026-06-09,Brand Awareness,Facebook,Retail,West,High Value,Desktop,77315,3165,230,166,64,1021.83,274021.19,4.09,7.27,0.32,268.17,272999.36
2026-06-09,Product Launch,Instagram,Technology,South,Small Business,Desktop,97926,3968,289,133,156,5308.32,356753.63,4.05,7.28,1.34,67.21,351445.31
2026-06-09,Enterprise Outreach,LinkedIn,B2B,East,New Customers,Mobile,59370,2873,216,101,115,4040.5,167690.69,4.84,7.52,1.41,41.5,163650.19
2026-06-10,Summer Sale,Facebook,Retail,North,Returning Customers,Desktop,54288,2009,180,81,99,1884.41,293566.02,3.7,8.96,0.94,155.79,291681.61
2026-06-10,Search Growth,Google Ads,E-commerce,South,New Customers,Desktop,56215,2582,240,165,75,3967.98,259745.54,4.59,9.3,1.54,65.46,255777.56
2026-06-10,Creator Campaign,Instagram,Retail,East,New Customers,Tablet,33189,2622,150,59,91,842.75,197332.56,7.9,5.72,0.32,234.15,196489.81
2026-06-10,B2B Lead Generation,LinkedIn,B2B,West,New Customers,Tablet,26307,1836,68,40,28,3658.67,142091.97,6.98,3.7,1.99,38.84,138433.3
2026-06-10,Festive Offers,Google Ads,E-commerce,North,High Value,Tablet,53118,4492,258,145,113,1703.97,350504.01,8.46,5.74,0.38,205.7,348800.04
2026-06-10,Brand Awareness,Facebook,Retail,West,Small Business,Mobile,25508,1576,41,14,27,4637.53,37433.2,6.18,2.6,2.94,8.07,32795.67
2026-06-10,Product Launch,Instagram,Technology,South,New Customers,Desktop,79154,3279,92,46,46,2244.99,72463.62,4.14,2.81,0.68,32.28,70218.63
2026-06-10,Enterprise Outreach,LinkedIn,B2B,East,Returning Customers,Tablet,32915,1492,83,35,48,848.03,41011.02,4.53,5.56,0.57,48.36,40162.99
2026-06-11,Summer Sale,Facebook,Retail,North,Small Business,Mobile,71954,5807,423,279,144,3903.31,423219.01,8.07,7.28,0.67,108.43,419315.7
2026-06-11,Search Growth,Google Ads,E-commerce,South,Small Business,Mobile,97680,7390,813,546,267,3759.58,1456922.21,7.57,11.0,0.51,387.52,1453162.63
2026-06-11,Creator Campaign,Instagram,Retail,East,Small Business,Mobile,19098,585,69,42,27,4176.61,42312.46,3.06,11.79,7.14,10.13,38135.85
2026-06-11,B2B Lead Generation,LinkedIn,B2B,West,Small Business,Mobile,14050,1000,100,38,62,2873.26,194950.57,7.12,10.0,2.87,67.85,192077.31
2026-06-11,Festive Offers,Google Ads,E-commerce,North,Returning Customers,Mobile,101676,2800,189,98,91,2268.98,214947.11,2.75,6.75,0.81,94.73,212678.13
2026-06-11,Brand Awareness,Facebook,Retail,West,New Customers,Desktop,72859,3003,330,181,149,2470.19,337808.96,4.12,10.99,0.82,136.75,335338.77
2026-06-11,Product Launch,Instagram,Technology,South,Returning Customers,Desktop,55086,3038,119,61,58,2628.19,171375.81,5.52,3.92,0.87,65.21,168747.62
2026-06-11,Enterprise Outreach,LinkedIn,B2B,East,New Customers,Mobile,57594,2326,272,186,86,3350.0,582974.28,4.04,11.69,1.44,174.02,579624.28
2026-06-12,Summer Sale,Facebook,Retail,North,High Value,Tablet,101391,3568,366,264,102,4204.77,333439.29,3.52,10.26,1.18,79.3,329234.52
2026-06-12,Search Growth,Google Ads,E-commerce,South,New Customers,Mobile,31911,1877,175,118,57,1326.34,261843.41,5.88,9.32,0.71,197.42,260517.07
2026-06-12,Creator Campaign,Instagram,Retail,East,High Value,Mobile,50503,2046,180,127,53,1206.17,376171.2,4.05,8.8,0.59,311.87,374965.03
2026-06-12,B2B Lead Generation,LinkedIn,B2B,West,High Value,Mobile,23158,1028,83,34,49,3317.36,101645.79,4.44,8.07,3.23,30.64,98328.43
2026-06-12,Festive Offers,Google Ads,E-commerce,North,Small Business,Tablet,79481,4158,448,172,276,3467.72,924728.39,5.23,10.77,0.83,266.67,921260.67
2026-06-12,Brand Awareness,Facebook,Retail,West,High Value,Desktop,21195,1712,196,104,92,1989.58,210021.56,8.08,11.45,1.16,105.56,208031.98
2026-06-12,Product Launch,Instagram,Technology,South,New Customers,Mobile,41886,3304,162,59,103,4493.84,91938.63,7.89,4.9,1.36,20.46,87444.79
2026-06-12,Enterprise Outreach,LinkedIn,B2B,East,Returning Customers,Tablet,48021,2177,189,122,67,863.48,399213.34,4.53,8.68,0.4,462.33,398349.86
2026-06-13,Summer Sale,Facebook,Retail,North,New Customers,Desktop,61935,2738,164,61,103,3934.11,159001.26,4.42,5.99,1.44,40.42,155067.15
2026-06-13,Search Growth,Google Ads,E-commerce,South,Returning Customers,Desktop,57597,2319,142,85,57,2221.3,128981.25,4.03,6.12,0.96,58.07,126759.95
2026-06-13,Creator Campaign,Instagram,Retail,East,Returning Customers,Mobile,31668,1806,177,130,47,2392.64,261634.16,5.7,9.8,1.32,109.35,259241.52
2026-06-13,B2B Lead Generation,LinkedIn,B2B,West,High Value,Tablet,43318,3447,346,217,129,785.48,415519.37,7.96,10.04,0.23,529.0,414733.89
2026-06-13,Festive Offers,Google Ads,E-commerce,North,Returning Customers,Mobile,86290,2637,206,113,93,1503.63,363622.8,3.06,7.81,0.57,241.83,362119.17
2026-06-13,Brand Awareness,Facebook,Retail,West,High Value,Tablet,62331,4809,407,279,128,3275.74,720592.69,7.72,8.46,0.68,219.98,717316.95
2026-06-13,Product Launch,Instagram,Technology,South,New Customers,Mobile,20200,1179,53,27,26,5312.63,83988.89,5.84,4.5,4.51,15.81,78676.26
2026-06-13,Enterprise Outreach,LinkedIn,B2B,East,High Value,Tablet,21830,989,90,63,27,1260.69,55239.31,4.53,9.1,1.27,43.82,53978.62
2026-06-14,Summer Sale,Facebook,Retail,North,New Customers,Desktop,25494,1084,127,60,67,4919.14,192838.52,4.25,11.72,4.54,39.2,187919.38
2026-06-14,Search Growth,Google Ads,E-commerce,South,Small Business,Tablet,50535,1383,130,83,47,1224.78,59605.04,2.74,9.4,0.89,48.67,58380.26
2026-06-14,Creator Campaign,Instagram,Retail,East,Small Business,Desktop,36559,1948,138,77,61,2653.78,140501.45,5.33,7.08,1.36,52.94,137847.67
2026-06-14,B2B Lead Generation,LinkedIn,B2B,West,New Customers,Mobile,37868,2305,254,127,127,4380.84,149301.39,6.09,11.02,1.9,34.08,144920.55
2026-06-14,Festive Offers,Google Ads,E-commerce,North,Returning Customers,Tablet,82988,3506,145,104,41,5022.7,191183.27,4.22,4.14,1.43,38.06,186160.57
2026-06-14,Brand Awareness,Facebook,Retail,West,Returning Customers,Mobile,15699,455,28,20,8,976.8,25473.75,2.9,6.15,2.15,26.08,24496.95
2026-06-14,Product Launch,Instagram,Technology,South,New Customers,Mobile,26590,1579,114,77,37,3834.71,126458.69,5.94,7.22,2.43,32.98,122623.98
2026-06-14,Enterprise Outreach,LinkedIn,B2B,East,High Value,Mobile,19044,965,87,50,37,3650.65,95417.28,5.07,9.02,3.78,26.14,91766.63
2026-06-15,Summer Sale,Facebook,Retail,North,New Customers,Tablet,47235,1376,129,48,81,2499.23,221435.5,2.91,9.38,1.82,88.6,218936.27
2026-06-15,Search Growth,Google Ads,E-commerce,South,High Value,Mobile,107582,8082,270,186,84,1098.94,148096.46,7.51,3.34,0.14,134.76,146997.52
2026-06-15,Creator Campaign,Instagram,Retail,East,High Value,Desktop,47761,2415,242,180,62,2894.38,320929.87,5.06,10.02,1.2,110.88,318035.49
2026-06-15,B2B Lead Generation,LinkedIn,B2B,West,Small Business,Tablet,21007,1572,47,28,19,2394.17,94051.04,7.48,2.99,1.52,39.28,91656.87
2026-06-15,Festive Offers,Google Ads,E-commerce,North,Returning Customers,Tablet,83076,4163,249,119,130,3683.37,313465.82,5.01,5.98,0.88,85.1,309782.45
2026-06-15,Brand Awareness,Facebook,Retail,West,High Value,Mobile,34119,1366,81,47,34,1277.75,160070.78,4.0,5.93,0.94,125.28,158793.03
2026-06-15,Product Launch,Instagram,Technology,South,High Value,Mobile,53788,4080,194,71,123,1565.17,90225.56,7.59,4.75,0.38,57.65,88660.39
2026-06-15,Enterprise Outreach,LinkedIn,B2B,East,Returning Customers,Tablet,54126,4559,133,78,55,3218.06,76575.92,8.42,2.92,0.71,23.8,73357.86
2026-06-16,Summer Sale,Facebook,Retail,North,Returning Customers,Desktop,93988,2411,196,83,113,6549.57,176562.78,2.57,8.13,2.72,26.96,170013.21
2026-06-16,Search Growth,Google Ads,E-commerce,South,Returning Customers,Tablet,32796,1912,156,110,46,6078.92,275789.0,5.83,8.16,3.18,45.37,269710.08
2026-06-16,Creator Campaign,Instagram,Retail,East,New Customers,Tablet,28750,1677,89,55,34,2168.82,185200.34,5.83,5.31,1.29,85.39,183031.52
2026-06-16,B2B Lead Generation,LinkedIn,B2B,West,Small Business,Desktop,70475,3524,268,119,149,2430.52,170917.63,5.0,7.6,0.69,70.32,168487.11
2026-06-16,Festive Offers,Google Ads,E-commerce,North,New Customers,Mobile,29065,2351,86,33,53,1897.85,153880.84,8.09,3.66,0.81,81.08,151982.99
2026-06-16,Brand Awareness,Facebook,Retail,West,New Customers,Tablet,74268,5090,160,104,56,3618.78,248855.99,6.85,3.14,0.71,68.77,245237.21
2026-06-16,Product Launch,Instagram,Technology,South,High Value,Mobile,90080,5420,301,176,125,4451.6,639534.78,6.02,5.55,0.82,143.66,635083.18
2026-06-16,Enterprise Outreach,LinkedIn,B2B,East,High Value,Desktop,48618,2490,241,103,138,4116.6,176094.2,5.12,9.68,1.65,42.78,171977.6
2026-06-17,Summer Sale,Facebook,Retail,North,Returning Customers,Desktop,48404,2870,85,49,36,3168.63,124968.02,5.93,2.96,1.1,39.44,121799.39
2026-06-17,Search Growth,Google Ads,E-commerce,South,New Customers,Desktop,86805,5921,508,287,221,6065.78,784012.2,6.82,8.58,1.02,129.25,777946.42
2026-06-17,Creator Campaign,Instagram,Retail,East,New Customers,Desktop,69660,2883,216,83,133,4645.82,353881.49,4.14,7.49,1.61,76.17,349235.67
2026-06-17,B2B Lead Generation,LinkedIn,B2B,West,Returning Customers,Desktop,47536,1820,172,100,72,3737.37,256030.34,3.83,9.45,2.05,68.51,252292.97
2026-06-17,Festive Offers,Google Ads,E-commerce,North,Returning Customers,Tablet,79964,6144,575,212,363,3674.04,629283.84,7.68,9.36,0.6,171.28,625609.8
2026-06-17,Brand Awareness,Facebook,Retail,West,Small Business,Mobile,23152,846,51,22,29,4708.7,68034.94,3.65,6.03,5.57,14.45,63326.24
2026-06-17,Product Launch,Instagram,Technology,South,Returning Customers,Tablet,35132,2597,159,62,97,4848.83,294902.66,7.39,6.12,1.87,60.82,290053.83
2026-06-17,Enterprise Outreach,LinkedIn,B2B,East,High Value,Desktop,45486,3754,237,166,71,708.4,489589.79,8.25,6.31,0.19,691.12,488881.39
2026-06-18,Summer Sale,Facebook,Retail,North,High Value,Tablet,107232,4043,415,258,157,3711.94,211353.75,3.77,10.26,0.92,56.94,207641.81
2026-06-18,Search Growth,Google Ads,E-commerce,South,New Customers,Desktop,116487,8707,446,323,123,1290.55,934644.28,7.47,5.12,0.15,724.22,933353.73
2026-06-18,Creator Campaign,Instagram,Retail,East,High Value,Mobile,69867,3685,239,105,134,1209.68,148016.9,5.27,6.49,0.33,122.36,146807.22
2026-06-18,B2B Lead Generation,LinkedIn,B2B,West,Returning Customers,Desktop,62198,2099,97,40,57,2666.68,80168.52,3.37,4.62,1.27,30.06,77501.84
2026-06-18,Festive Offers,Google Ads,E-commerce,North,Returning Customers,Tablet,86950,5440,607,431,176,1638.48,1243444.91,6.26,11.16,0.3,758.9,1241806.43
2026-06-18,Brand Awareness,Facebook,Retail,West,New Customers,Tablet,69462,4367,366,130,236,3391.4,606962.4,6.29,8.38,0.78,178.97,603571.0
2026-06-18,Product Launch,Instagram,Technology,South,High Value,Mobile,91512,6578,400,221,179,835.46,536814.26,7.19,6.08,0.13,642.54,535978.8
2026-06-18,Enterprise Outreach,LinkedIn,B2B,East,Returning Customers,Mobile,35830,1626,79,58,21,2424.16,87432.2,4.54,4.86,1.49,36.07,85008.04
2026-06-19,Summer Sale,Facebook,Retail,North,Returning Customers,Mobile,73405,3129,239,174,65,3715.85,376794.45,4.26,7.64,1.19,101.4,373078.6
2026-06-19,Search Growth,Google Ads,E-commerce,South,Small Business,Desktop,49127,3270,89,32,57,2645.28,112274.35,6.66,2.72,0.81,42.44,109629.07
2026-06-19,Creator Campaign,Instagram,Retail,East,High Value,Tablet,58082,4054,300,109,191,3418.99,342934.26,6.98,7.4,0.84,100.3,339515.27
2026-06-19,B2B Lead Generation,LinkedIn,B2B,West,Returning Customers,Tablet,17996,1157,138,89,49,620.68,196756.41,6.43,11.93,0.54,317.0,196135.73
2026-06-19,Festive Offers,Google Ads,E-commerce,North,High Value,Desktop,49175,3058,278,200,78,5546.49,184593.86,6.22,9.09,1.81,33.28,179047.37
2026-06-19,Brand Awareness,Facebook,Retail,West,Small Business,Desktop,15255,1146,37,19,18,1470.79,16902.15,7.51,3.23,1.28,11.49,15431.36
2026-06-19,Product Launch,Instagram,Technology,South,New Customers,Tablet,33379,1737,109,66,43,4823.25,219414.61,5.2,6.28,2.78,45.49,214591.36
2026-06-19,Enterprise Outreach,LinkedIn,B2B,East,High Value,Tablet,18247,779,87,63,24,844.44,101093.8,4.27,11.17,1.08,119.72,100249.36
2026-06-20,Summer Sale,Facebook,Retail,North,Returning Customers,Desktop,57265,3724,254,103,151,5179.93,128337.9,6.5,6.82,1.39,24.78,123157.97
2026-06-20,Search Growth,Google Ads,E-commerce,South,High Value,Desktop,82436,3211,283,191,92,3220.92,566461.21,3.9,8.81,1.0,175.87,563240.29
2026-06-20,Creator Campaign,Instagram,Retail,East,Small Business,Tablet,36442,1503,108,73,35,1565.52,211307.49,4.12,7.19,1.04,134.98,209741.97
2026-06-20,B2B Lead Generation,LinkedIn,B2B,West,New Customers,Desktop,66128,5134,596,344,252,1436.81,1240092.74,7.76,11.61,0.28,863.09,1238655.93
2026-06-20,Festive Offers,Google Ads,E-commerce,North,High Value,Tablet,78842,3591,188,103,85,2137.06,111718.81,4.55,5.24,0.6,52.28,109581.75
2026-06-20,Brand Awareness,Facebook,Retail,West,New Customers,Tablet,73423,4611,343,148,195,2481.52,433107.08,6.28,7.44,0.54,174.53,430625.56
2026-06-20,Product Launch,Instagram,Technology,South,New Customers,Tablet,47661,3240,314,146,168,3805.31,615478.04,6.8,9.69,1.17,161.74,611672.73
2026-06-20,Enterprise Outreach,LinkedIn,B2B,East,New Customers,Desktop,60840,4183,421,314,107,2917.49,812993.22,6.88,10.06,0.7,278.66,810075.73
2026-06-21,Summer Sale,Facebook,Retail,North,Small Business,Desktop,39067,2721,185,106,79,6179.23,210945.39,6.96,6.8,2.27,34.14,204766.16
2026-06-21,Search Growth,Google Ads,E-commerce,South,New Customers,Desktop,30975,1193,125,56,69,3514.66,142455.89,3.85,10.48,2.95,40.53,138941.23
2026-06-21,Creator Campaign,Instagram,Retail,East,Small Business,Desktop,54364,4278,135,80,55,3286.18,171143.33,7.87,3.16,0.77,52.08,167857.15
2026-06-21,B2B Lead Generation,LinkedIn,B2B,West,Small Business,Tablet,38836,1899,132,71,61,2794.88,175127.12,4.89,6.95,1.47,62.66,172332.24
2026-06-21,Festive Offers,Google Ads,E-commerce,North,High Value,Desktop,77167,3509,354,206,148,5517.15,254388.42,4.55,10.09,1.57,46.11,248871.27
2026-06-21,Brand Awareness,Facebook,Retail,West,New Customers,Tablet,32758,2271,108,59,49,3530.46,96818.56,6.93,4.76,1.55,27.42,93288.1
2026-06-21,Product Launch,Instagram,Technology,South,Returning Customers,Desktop,48562,3765,447,303,144,5389.21,330898.7,7.75,11.87,1.43,61.4,325509.49
2026-06-21,Enterprise Outreach,LinkedIn,B2B,East,High Value,Tablet,13058,634,68,34,34,3004.51,93996.11,4.86,10.73,4.74,31.29,90991.6
2026-06-22,Summer Sale,Facebook,Retail,North,High Value,Tablet,68360,3630,398,241,157,2164.5,297777.69,5.31,10.96,0.6,137.57,295613.19
2026-06-22,Search Growth,Google Ads,E-commerce,South,Returning Customers,Desktop,118663,4726,230,101,129,1848.95,449876.83,3.98,4.87,0.39,243.31,448027.88
2026-06-22,Creator Campaign,Instagram,Retail,East,Small Business,Tablet,51723,1330,103,50,53,3001.04,191892.39,2.57,7.74,2.26,63.94,188891.35
2026-06-22,B2B Lead Generation,LinkedIn,B2B,West,High Value,Tablet,36620,1284,122,61,61,3573.28,84077.62,3.51,9.5,2.78,23.53,80504.34
2026-06-22,Festive Offers,Google Ads,E-commerce,North,New Customers,Tablet,94773,4068,316,168,148,2649.2,292640.99,4.29,7.77,0.65,110.46,289991.79
2026-06-22,Brand Awareness,Facebook,Retail,West,High Value,Mobile,25752,1462,134,92,42,3115.27,82134.14,5.68,9.17,2.13,26.37,79018.87
2026-06-22,Product Launch,Instagram,Technology,South,Small Business,Tablet,34082,1589,157,86,71,1859.12,121935.41,4.66,9.88,1.17,65.59,120076.29
2026-06-22,Enterprise Outreach,LinkedIn,B2B,East,Returning Customers,Tablet,13102,504,47,33,14,3539.58,27794.6,3.85,9.33,7.02,7.85,24255.02
2026-06-23,Summer Sale,Facebook,Retail,North,Small Business,Desktop,99558,6660,593,425,168,3864.54,944279.94,6.69,8.9,0.58,244.34,940415.4
2026-06-23,Search Growth,Google Ads,E-commerce,South,New Customers,Tablet,30427,1337,42,26,16,7067.34,51627.01,4.39,3.14,5.29,7.31,44559.67
2026-06-23,Creator Campaign,Instagram,Retail,East,Small Business,Desktop,72418,2513,253,164,89,4711.65,135489.57,3.47,10.07,1.87,28.76,130777.92
2026-06-23,B2B Lead Generation,LinkedIn,B2B,West,Small Business,Mobile,33283,2127,157,62,95,1557.41,107802.07,6.39,7.38,0.73,69.22,106244.66
2026-06-23,Festive Offers,Google Ads,E-commerce,North,High Value,Desktop,25230,1162,52,29,23,4624.21,85903.31,4.61,4.48,3.98,18.58,81279.1
2026-06-23,Brand Awareness,Facebook,Retail,West,Small Business,Tablet,76608,3686,384,286,98,954.6,669966.5,4.81,10.42,0.26,701.83,669011.9
2026-06-23,Product Launch,Instagram,Technology,South,High Value,Mobile,23241,1455,85,63,22,4357.68,152846.31,6.26,5.84,2.99,35.08,148488.63
2026-06-23,Enterprise Outreach,LinkedIn,B2B,East,High Value,Tablet,38950,1117,91,43,48,953.49,79928.83,2.87,8.15,0.85,83.83,78975.34
2026-06-24,Summer Sale,Facebook,Retail,North,New Customers,Desktop,89754,3136,91,33,58,5869.86,151390.74,3.49,2.9,1.87,25.79,145520.88
2026-06-24,Search Growth,Google Ads,E-commerce,South,Small Business,Mobile,23113,1352,70,50,20,4811.79,84739.01,5.85,5.18,3.56,17.61,79927.22
2026-06-24,Creator Campaign,Instagram,Retail,East,High Value,Mobile,62337,1760,203,108,95,5137.25,353906.26,2.82,11.53,2.92,68.89,348769.01
2026-06-24,B2B Lead Generation,LinkedIn,B2B,West,New Customers,Tablet,25199,1858,176,94,82,1412.3,218174.31,7.37,9.47,0.76,154.48,216762.01
2026-06-24,Festive Offers,Google Ads,E-commerce,North,High Value,Mobile,82652,5255,455,167,288,2297.99,500725.09,6.36,8.66,0.44,217.9,498427.1
2026-06-24,Brand Awareness,Facebook,Retail,West,Small Business,Mobile,66618,3396,226,132,94,1689.94,184528.49,5.1,6.65,0.5,109.19,182838.55
2026-06-24,Product Launch,Instagram,Technology,South,New Customers,Desktop,64959,4615,280,189,91,2777.64,337345.96,7.1,6.07,0.6,121.45,334568.32
2026-06-24,Enterprise Outreach,LinkedIn,B2B,East,New Customers,Desktop,29296,2064,235,152,83,2904.13,283278.84,7.05,11.39,1.41,97.54,280374.71
2026-06-25,Summer Sale,Facebook,Retail,North,Returning Customers,Tablet,106198,6001,331,132,199,1440.48,389253.02,5.65,5.52,0.24,270.22,387812.54
2026-06-25,Search Growth,Google Ads,E-commerce,South,New Customers,Mobile,61807,3610,409,218,191,1179.72,628858.85,5.84,11.33,0.33,533.06,627679.13
2026-06-25,Creator Campaign,Instagram,Retail,East,New Customers,Desktop,45119,1448,66,37,29,1917.04,76050.88,3.21,4.56,1.32,39.67,74133.84
2026-06-25,B2B Lead Generation,LinkedIn,B2B,West,Returning Customers,Mobile,12059,418,14,7,7,2670.75,14362.33,3.47,3.35,6.39,5.38,11691.58
2026-06-25,Festive Offers,Google Ads,E-commerce,North,New Customers,Desktop,52558,4282,151,112,39,1505.26,106675.0,8.15,3.53,0.35,70.87,105169.74
2026-06-25,Brand Awareness,Facebook,Retail,West,Small Business,Desktop,55191,3400,403,173,230,1012.06,868616.75,6.16,11.85,0.3,858.27,867604.69
2026-06-25,Product Launch,Instagram,Technology,South,Returning Customers,Tablet,62911,3022,342,171,171,1557.92,750645.8,4.8,11.32,0.52,481.83,749087.88
2026-06-25,Enterprise Outreach,LinkedIn,B2B,East,Small Business,Mobile,47743,3966,120,75,45,3847.31,173240.39,8.31,3.03,0.97,45.03,169393.08
2026-06-26,Summer Sale,Facebook,Retail,North,High Value,Tablet,64506,4219,288,199,89,1732.71,252636.01,6.54,6.83,0.41,145.8,250903.3
2026-06-26,Search Growth,Google Ads,E-commerce,South,High Value,Mobile,23739,1603,192,118,74,993.49,140511.35,6.75,11.98,0.62,141.43,139517.86
2026-06-26,Creator Campaign,Instagram,Retail,East,High Value,Desktop,26311,1737,140,82,58,2330.24,233834.16,6.6,8.06,1.34,100.35,231503.92
2026-06-26,B2B Lead Generation,LinkedIn,B2B,West,High Value,Mobile,24457,1437,156,74,82,3120.64,198999.08,5.88,10.86,2.17,63.77,195878.44
2026-06-26,Festive Offers,Google Ads,E-commerce,North,New Customers,Desktop,96105,2467,292,121,171,2033.1,547801.61,2.57,11.84,0.82,269.44,545768.51
2026-06-26,Brand Awareness,Facebook,Retail,West,Small Business,Mobile,32643,1635,91,63,28,4078.88,193462.68,5.01,5.57,2.49,47.43,189383.8
2026-06-26,Product Launch,Instagram,Technology,South,Small Business,Desktop,24231,820,91,37,54,3504.4,94518.69,3.38,11.1,4.27,26.97,91014.29
2026-06-26,Enterprise Outreach,LinkedIn,B2B,East,High Value,Desktop,11913,475,53,20,33,3395.14,113798.37,3.99,11.16,7.15,33.52,110403.23
2026-06-27,Summer Sale,Facebook,Retail,North,Returning Customers,Mobile,28177,1622,89,37,52,2472.76,129426.41,5.76,5.49,1.52,52.34,126953.65
2026-06-27,Search Growth,Google Ads,E-commerce,South,New Customers,Desktop,67749,4339,161,109,52,6975.25,214937.93,6.4,3.71,1.61,30.81,207962.68
2026-06-27,Creator Campaign,Instagram,Retail,East,High Value,Tablet,62702,4261,460,179,281,3463.04,430964.81,6.8,10.8,0.81,124.45,427501.77
2026-06-27,B2B Lead Generation,LinkedIn,B2B,West,New Customers,Desktop,48374,1401,67,27,40,793.12,94507.07,2.9,4.78,0.57,119.16,93713.95
2026-06-27,Festive Offers,Google Ads,E-commerce,North,Small Business,Tablet,69387,5156,280,150,130,3835.23,401875.27,7.43,5.43,0.74,104.79,398040.04
2026-06-27,Brand Awareness,Facebook,Retail,West,Returning Customers,Mobile,57719,2170,256,150,106,1053.7,486691.07,3.76,11.8,0.49,461.89,485637.37
2026-06-27,Product Launch,Instagram,Technology,South,High Value,Tablet,39662,1192,117,44,73,3885.12,75326.13,3.01,9.82,3.26,19.39,71441.01
2026-06-27,Enterprise Outreach,LinkedIn,B2B,East,Small Business,Tablet,53484,2277,249,114,135,3268.46,416286.4,4.26,10.94,1.44,127.36,413017.94
2026-06-28,Summer Sale,Facebook,Retail,North,Small Business,Desktop,87240,2660,148,95,53,2191.71,168451.78,3.05,5.56,0.82,76.86,166260.07
2026-06-28,Search Growth,Google Ads,E-commerce,South,New Customers,Desktop,68266,4044,221,153,68,1860.55,202686.59,5.92,5.46,0.46,108.94,200826.04
2026-06-28,Creator Campaign,Instagram,Retail,East,Returning Customers,Mobile,59888,4335,134,99,35,1822.74,114259.19,7.24,3.09,0.42,62.69,112436.45
2026-06-28,B2B Lead Generation,LinkedIn,B2B,West,New Customers,Tablet,54365,3374,85,42,43,1267.75,132786.77,6.21,2.52,0.38,104.74,131519.02
2026-06-28,Festive Offers,Google Ads,E-commerce,North,Small Business,Tablet,75295,3903,375,227,148,6189.23,471268.67,5.18,9.61,1.59,76.14,465079.44
2026-06-28,Brand Awareness,Facebook,Retail,West,High Value,Desktop,75509,3014,329,218,111,1051.39,521394.03,3.99,10.92,0.35,495.91,520342.64
2026-06-28,Product Launch,Instagram,Technology,South,Returning Customers,Tablet,87857,5450,214,126,88,1908.21,197377.3,6.2,3.93,0.35,103.44,195469.09
2026-06-28,Enterprise Outreach,LinkedIn,B2B,East,High Value,Mobile,36106,1432,155,79,76,1871.12,190736.1,3.97,10.82,1.31,101.94,188864.98
2026-06-29,Summer Sale,Facebook,Retail,North,High Value,Mobile,30864,1602,42,26,16,6392.72,78858.63,5.19,2.62,3.99,12.34,72465.91
2026-06-29,Search Growth,Google Ads,E-commerce,South,New Customers,Mobile,108244,8595,490,223,267,4904.01,742552.7,7.94,5.7,0.57,151.42,737648.69
2026-06-29,Creator Campaign,Instagram,Retail,East,New Customers,Desktop,30268,1954,193,83,110,4134.95,193672.01,6.46,9.88,2.12,46.84,189537.06
2026-06-29,B2B Lead Generation,LinkedIn,B2B,West,Returning Customers,Tablet,39216,2267,254,175,79,3919.32,521487.93,5.78,11.2,1.73,133.06,517568.61
2026-06-29,Festive Offers,Google Ads,E-commerce,North,Returning Customers,Tablet,28392,790,26,10,16,2959.32,23424.76,2.78,3.29,3.75,7.92,20465.44
2026-06-29,Brand Awareness,Facebook,Retail,West,High Value,Mobile,77841,2858,331,205,126,3916.82,520217.78,3.67,11.58,1.37,132.82,516300.96
2026-06-29,Product Launch,Instagram,Technology,South,High Value,Desktop,75113,2719,310,196,114,2363.47,277938.68,3.62,11.4,0.87,117.6,275575.21
2026-06-29,Enterprise Outreach,LinkedIn,B2B,East,Small Business,Mobile,48174,2508,213,97,116,1099.18,346833.13,5.21,8.49,0.44,315.54,345733.95
2026-06-30,Summer Sale,Facebook,Retail,North,New Customers,Mobile,76586,3441,194,82,112,3456.07,151947.42,4.49,5.64,1.0,43.97,148491.35
2026-06-30,Search Growth,Google Ads,E-commerce,South,High Value,Mobile,75100,2458,222,157,65,7061.78,265710.1,3.27,9.03,2.87,37.63,258648.32
2026-06-30,Creator Campaign,Instagram,Retail,East,New Customers,Mobile,63565,4340,422,278,144,4509.35,231859.86,6.83,9.72,1.04,51.42,227350.51
2026-06-30,B2B Lead Generation,LinkedIn,B2B,West,Returning Customers,Desktop,34592,1494,61,41,20,4384.7,34246.09,4.32,4.08,2.93,7.81,29861.39
2026-06-30,Festive Offers,Google Ads,E-commerce,North,High Value,Mobile,20171,1365,145,85,60,1819.53,65459.25,6.77,10.62,1.33,35.98,63639.72
2026-06-30,Brand Awareness,Facebook,Retail,West,Small Business,Tablet,37385,1212,51,19,32,2063.16,29218.33,3.24,4.21,1.7,14.16,27155.17
2026-06-30,Product Launch,Instagram,Technology,South,Returning Customers,Mobile,54928,4610,537,317,220,1522.78,913500.11,8.39,11.65,0.33,599.89,911977.33
2026-06-30,Enterprise Outreach,LinkedIn,B2B,East,High Value,Tablet,50098,1541,66,49,17,800.9,99477.5,3.08,4.28,0.52,124.21,98676.6
2026-07-01,Summer Sale,Facebook,Retail,North,High Value,Tablet,33654,2829,252,124,128,1071.45,495749.47,8.41,8.91,0.38,462.69,494678.02
2026-07-01,Search Growth,Google Ads,E-commerce,South,New Customers,Mobile,20691,1146,130,54,76,2612.5,170319.25,5.54,11.34,2.28,65.19,167706.75
2026-07-01,Creator Campaign,Instagram,Retail,East,New Customers,Desktop,84850,5822,623,266,357,1318.44,594689.32,6.86,10.7,0.23,451.06,593370.88
2026-07-01,B2B Lead Generation,LinkedIn,B2B,West,High Value,Mobile,13611,792,72,41,31,3047.85,81294.75,5.82,9.09,3.85,26.67,78246.9
2026-07-01,Festive Offers,Google Ads,E-commerce,North,New Customers,Desktop,65990,5339,519,316,203,5898.52,1066124.87,8.09,9.72,1.1,180.74,1060226.35
2026-07-01,Brand Awareness,Facebook,Retail,West,High Value,Desktop,76155,3807,96,37,59,900.31,61593.87,5.0,2.52,0.24,68.41,60693.56
2026-07-01,Product Launch,Instagram,Technology,South,High Value,Desktop,30872,2236,181,89,92,1543.18,318347.83,7.24,8.09,0.69,206.29,316804.65
2026-07-01,Enterprise Outreach,LinkedIn,B2B,East,Returning Customers,Tablet,11980,501,28,18,10,1512.28,52381.64,4.18,5.59,3.02,34.64,50869.36
2026-07-02,Summer Sale,Facebook,Retail,North,New Customers,Mobile,34927,2566,229,124,105,1962.27,362773.64,7.35,8.92,0.76,184.87,360811.37
2026-07-02,Search Growth,Google Ads,E-commerce,South,Returning Customers,Tablet,64733,2053,152,61,91,1592.56,112091.4,3.17,7.4,0.78,70.38,110498.84
2026-07-02,Creator Campaign,Instagram,Retail,East,Returning Customers,Tablet,31468,1457,81,58,23,4761.02,116250.42,4.63,5.56,3.27,24.42,111489.4
2026-07-02,B2B Lead Generation,LinkedIn,B2B,West,Returning Customers,Desktop,29995,956,74,51,23,1886.86,137146.93,3.19,7.74,1.97,72.69,135260.07
2026-07-02,Festive Offers,Google Ads,E-commerce,North,Small Business,Mobile,27749,1614,81,54,27,3504.14,41738.73,5.82,5.02,2.17,11.91,38234.59
2026-07-02,Brand Awareness,Facebook,Retail,West,Returning Customers,Mobile,20346,885,69,43,26,815.65,40627.52,4.35,7.8,0.92,49.81,39811.87
2026-07-02,Product Launch,Instagram,Technology,South,Returning Customers,Mobile,17689,801,37,27,10,1766.75,66080.88,4.53,4.62,2.21,37.4,64314.13
2026-07-02,Enterprise Outreach,LinkedIn,B2B,East,High Value,Tablet,19134,1580,128,80,48,2834.98,216623.51,8.26,8.1,1.79,76.41,213788.53
2026-07-03,Summer Sale,Facebook,Retail,North,Returning Customers,Mobile,34162,1947,108,39,69,1446.28,174217.0,5.7,5.55,0.74,120.46,172770.72
2026-07-03,Search Growth,Google Ads,E-commerce,South,New Customers,Mobile,48157,1476,63,32,31,5083.98,97639.55,3.06,4.27,3.44,19.21,92555.57
2026-07-03,Creator Campaign,Instagram,Retail,East,Returning Customers,Mobile,23696,1093,102,55,47,3305.36,133644.49,4.61,9.33,3.02,40.43,130339.13
2026-07-03,B2B Lead Generation,LinkedIn,B2B,West,Returning Customers,Mobile,69977,4924,355,258,97,2400.21,176200.14,7.04,7.21,0.49,73.41,173799.93
2026-07-03,Festive Offers,Google Ads,E-commerce,North,Returning Customers,Desktop,55722,4734,441,158,283,1066.45,246210.12,8.5,9.32,0.23,230.87,245143.67
2026-07-03,Brand Awareness,Facebook,Retail,West,Returning Customers,Mobile,53973,1581,179,106,73,4677.44,251601.44,2.93,11.32,2.96,53.79,246924.0
2026-07-03,Product Launch,Instagram,Technology,South,New Customers,Tablet,56554,3916,135,47,88,1221.74,134276.46,6.92,3.45,0.31,109.91,133054.72
2026-07-03,Enterprise Outreach,LinkedIn,B2B,East,New Customers,Tablet,35664,2405,243,124,119,2700.51,469483.25,6.74,10.1,1.12,173.85,466782.74
2026-07-04,Summer Sale,Facebook,Retail,North,High Value,Desktop,97864,3756,430,192,238,2423.83,213216.62,3.84,11.45,0.65,87.97,210792.79
2026-07-04,Search Growth,Google Ads,E-commerce,South,New Customers,Desktop,57376,2643,197,109,88,6667.66,189433.6,4.61,7.45,2.52,28.41,182765.94
2026-07-04,Creator Campaign,Instagram,Retail,East,Small Business,Mobile,67100,2312,80,53,27,2958.66,130064.26,3.45,3.46,1.28,43.96,127105.6
2026-07-04,B2B Lead Generation,LinkedIn,B2B,West,New Customers,Mobile,47376,3384,210,76,134,686.21,137166.5,7.14,6.21,0.2,199.89,136480.29
2026-07-04,Festive Offers,Google Ads,E-commerce,North,Returning Customers,Tablet,34513,1600,125,77,48,3457.96,204549.99,4.64,7.81,2.16,59.15,201092.03
2026-07-04,Brand Awareness,Facebook,Retail,West,High Value,Tablet,34968,1600,128,61,67,3206.59,128092.78,4.58,8.0,2.0,39.95,124886.19
2026-07-04,Product Launch,Instagram,Technology,South,High Value,Mobile,43655,1445,96,66,30,5483.49,49299.35,3.31,6.64,3.79,8.99,43815.86
2026-07-04,Enterprise Outreach,LinkedIn,B2B,East,Returning Customers,Tablet,20428,1132,73,38,35,561.47,149791.96,5.54,6.45,0.5,266.79,149230.49
2026-07-05,Summer Sale,Facebook,Retail,North,Returning Customers,Tablet,20988,1615,181,112,69,4047.35,145648.19,7.69,11.21,2.51,35.99,141600.84
2026-07-05,Search Growth,Google Ads,E-commerce,South,New Customers,Tablet,75833,6193,413,259,154,2684.97,285796.93,8.17,6.67,0.43,106.44,283111.96
2026-07-05,Creator Campaign,Instagram,Retail,East,New Customers,Desktop,60525,4202,475,297,178,1006.0,305328.85,6.94,11.3,0.24,303.51,304322.85
2026-07-05,B2B Lead Generation,LinkedIn,B2B,West,Small Business,Tablet,50877,1482,154,107,47,2569.95,313789.69,2.91,10.39,1.73,122.1,311219.74
2026-07-05,Festive Offers,Google Ads,E-commerce,North,High Value,Desktop,52809,2117,154,62,92,1361.48,246859.04,4.01,7.27,0.64,181.32,245497.56
2026-07-05,Brand Awareness,Facebook,Retail,West,High Value,Mobile,48003,1356,72,47,25,1632.59,110523.97,2.82,5.31,1.2,67.7,108891.38
2026-07-05,Product Launch,Instagram,Technology,South,Small Business,Desktop,21840,1673,96,39,57,4249.54,110838.99,7.66,5.74,2.54,26.08,106589.45
2026-07-05,Enterprise Outreach,LinkedIn,B2B,East,New Customers,Desktop,40986,1237,134,77,57,3852.44,252968.28,3.02,10.83,3.11,65.66,249115.84
2026-07-06,Summer Sale,Facebook,Retail,North,Small Business,Desktop,99121,3952,127,60,67,4076.78,130222.6,3.99,3.21,1.03,31.94,126145.82
2026-07-06,Search Growth,Google Ads,E-commerce,South,New Customers,Tablet,20966,1274,63,31,32,2162.32,32807.62,6.08,4.95,1.7,15.17,30645.3
2026-07-06,Creator Campaign,Instagram,Retail,East,Returning Customers,Tablet,24838,1632,158,99,59,2161.14,298283.66,6.57,9.68,1.32,138.02,296122.52
2026-07-06,B2B Lead Generation,LinkedIn,B2B,West,New Customers,Tablet,45554,1141,32,23,9,4364.92,58207.9,2.5,2.8,3.83,13.34,53842.98
2026-07-06,Festive Offers,Google Ads,E-commerce,North,New Customers,Tablet,19905,1443,97,45,52,5163.36,44790.0,7.25,6.72,3.58,8.67,39626.64
2026-07-06,Brand Awareness,Facebook,Retail,West,Small Business,Desktop,64214,4660,390,287,103,1931.43,387322.47,7.26,8.37,0.41,200.54,385391.04
2026-07-06,Product Launch,Instagram,Technology,South,Returning Customers,Desktop,58020,3373,215,146,69,3688.11,259416.2,5.81,6.37,1.09,70.34,255728.09
2026-07-06,Enterprise Outreach,LinkedIn,B2B,East,Small Business,Desktop,62383,5048,396,271,125,2116.73,666931.36,8.09,7.84,0.42,315.08,664814.63
2026-07-07,Summer Sale,Facebook,Retail,North,High Value,Mobile,67254,4706,420,230,190,5137.73,342354.32,7.0,8.92,1.09,66.64,337216.59
2026-07-07,Search Growth,Google Ads,E-commerce,South,New Customers,Tablet,79812,2007,213,144,69,4897.96,143985.57,2.51,10.61,2.44,29.4,139087.61
2026-07-07,Creator Campaign,Instagram,Retail,East,Small Business,Desktop,67547,3277,347,121,226,2552.97,502591.68,4.85,10.59,0.78,196.87,500038.71
2026-07-07,B2B Lead Generation,LinkedIn,B2B,West,Returning Customers,Mobile,50692,3451,272,169,103,2466.79,507929.76,6.81,7.88,0.71,205.91,505462.97
2026-07-07,Festive Offers,Google Ads,E-commerce,North,Small Business,Tablet,62020,4182,497,324,173,6166.36,1022871.73,6.74,11.88,1.47,165.88,1016705.37
2026-07-07,Brand Awareness,Facebook,Retail,West,Small Business,Mobile,54636,1930,147,102,45,3936.43,200140.5,3.53,7.62,2.04,50.84,196204.07
2026-07-07,Product Launch,Instagram,Technology,South,Returning Customers,Tablet,65648,3634,240,164,76,1343.34,172481.88,5.54,6.6,0.37,128.4,171138.54
2026-07-07,Enterprise Outreach,LinkedIn,B2B,East,Returning Customers,Tablet,38496,1074,28,17,11,2229.51,20654.56,2.79,2.61,2.08,9.26,18425.05
2026-07-08,Summer Sale,Facebook,Retail,North,New Customers,Desktop,72693,4400,174,98,76,2588.64,348938.23,6.05,3.95,0.59,134.8,346349.59
2026-07-08,Search Growth,Google Ads,E-commerce,South,New Customers,Mobile,109945,4234,238,178,60,3996.77,307053.35,3.85,5.62,0.94,76.83,303056.58
2026-07-08,Creator Campaign,Instagram,Retail,East,Small Business,Mobile,31656,2431,188,87,101,2233.81,255425.39,7.68,7.73,0.92,114.35,253191.58
2026-07-08,B2B Lead Generation,LinkedIn,B2B,West,High Value,Desktop,59946,3290,371,235,136,2951.13,500871.83,5.49,11.28,0.9,169.72,497920.7
2026-07-08,Festive Offers,Google Ads,E-commerce,North,Small Business,Desktop,23791,858,100,54,46,5288.29,195628.34,3.61,11.66,6.16,36.99,190340.05
2026-07-08,Brand Awareness,Facebook,Retail,West,Returning Customers,Mobile,70011,3038,295,155,140,1236.74,291265.55,4.34,9.71,0.41,235.51,290028.81
2026-07-08,Product Launch,Instagram,Technology,South,Returning Customers,Desktop,65843,4885,241,158,83,4705.08,139538.07,7.42,4.93,0.96,29.66,134832.99
2026-07-08,Enterprise Outreach,LinkedIn,B2B,East,New Customers,Desktop,55800,2739,256,129,127,3819.5,473919.41,4.91,9.35,1.39,124.08,470099.91
2026-07-09,Summer Sale,Facebook,Retail,North,Small Business,Mobile,85129,3622,367,141,226,2729.69,682797.45,4.25,10.13,0.75,250.14,680067.76
2026-07-09,Search Growth,Google Ads,E-commerce,South,High Value,Mobile,24744,2099,225,118,107,6665.85,475816.48,8.48,10.72,3.18,71.38,469150.63
2026-07-09,Creator Campaign,Instagram,Retail,East,New Customers,Mobile,33092,1822,83,33,50,4931.11,37931.46,5.51,4.56,2.71,7.69,33000.35
2026-07-09,B2B Lead Generation,LinkedIn,B2B,West,New Customers,Tablet,26788,989,45,26,19,3079.22,46041.58,3.69,4.55,3.11,14.95,42962.36
2026-07-09,Festive Offers,Google Ads,E-commerce,North,High Value,Desktop,96291,6419,383,281,102,1686.76,387221.47,6.67,5.97,0.26,229.57,385534.71
2026-07-09,Brand Awareness,Facebook,Retail,West,Small Business,Tablet,55471,2310,156,89,67,4239.42,252685.09,4.16,6.75,1.84,59.6,248445.67
2026-07-09,Product Launch,Instagram,Technology,South,High Value,Tablet,33605,2136,91,53,38,1331.73,194648.88,6.36,4.26,0.62,146.16,193317.15
2026-07-09,Enterprise Outreach,LinkedIn,B2B,East,High Value,Desktop,34632,2089,64,42,22,3484.66,53064.3,6.03,3.06,1.67,15.23,49579.64
2026-07-10,Summer Sale,Facebook,Retail,North,Returning Customers,Mobile,76072,2039,209,136,73,1856.41,112997.72,2.68,10.25,0.91,60.87,111141.31
2026-07-10,Search Growth,Google Ads,E-commerce,South,Small Business,Mobile,55691,2693,130,56,74,6512.48,126142.47,4.84,4.83,2.42,19.37,119629.99
2026-07-10,Creator Campaign,Instagram,Retail,East,New Customers,Desktop,52743,2323,76,53,23,1387.9,89668.03,4.4,3.27,0.6,64.61,88280.13
2026-07-10,B2B Lead Generation,LinkedIn,B2B,West,Returning Customers,Desktop,15436,582,64,28,36,3977.66,104898.49,3.77,11.0,6.83,26.37,100920.83
2026-07-10,Festive Offers,Google Ads,E-commerce,North,New Customers,Tablet,46545,1522,92,54,38,3983.54,99349.16,3.27,6.04,2.62,24.94,95365.62
2026-07-10,Brand Awareness,Facebook,Retail,West,Returning Customers,Mobile,33497,1532,153,88,65,4424.32,155074.63,4.57,9.99,2.89,35.05,150650.31
2026-07-10,Product Launch,Instagram,Technology,South,New Customers,Tablet,88874,6156,253,107,146,3017.76,329489.39,6.93,4.11,0.49,109.18,326471.63
2026-07-10,Enterprise Outreach,LinkedIn,B2B,East,New Customers,Desktop,16568,760,87,31,56,2739.49,97219.71,4.59,11.45,3.6,35.49,94480.22
2026-07-11,Summer Sale,Facebook,Retail,North,New Customers,Desktop,74118,4265,411,151,260,3279.85,400301.72,5.75,9.64,0.77,122.05,397021.87
2026-07-11,Search Growth,Google Ads,E-commerce,South,High Value,Mobile,22758,1156,125,77,48,2526.53,181824.64,5.08,10.81,2.19,71.97,179298.11
2026-07-11,Creator Campaign,Instagram,Retail,East,New Customers,Mobile,20007,897,79,55,24,2667.0,137052.47,4.48,8.81,2.97,51.39,134385.47
2026-07-11,B2B Lead Generation,LinkedIn,B2B,West,Returning Customers,Tablet,57501,4860,469,301,168,3832.37,894214.69,8.45,9.65,0.79,233.33,890382.32
2026-07-11,Festive Offers,Google Ads,E-commerce,North,Small Business,Tablet,87133,4662,399,208,191,3647.47,773786.58,5.35,8.56,0.78,212.14,770139.11
2026-07-11,Brand Awareness,Facebook,Retail,West,High Value,Tablet,68831,5021,584,381,203,1705.34,988031.14,7.29,11.63,0.34,579.37,986325.8
2026-07-11,Product Launch,Instagram,Technology,South,Small Business,Desktop,33974,2018,161,72,89,1653.3,347145.74,5.94,7.98,0.82,209.97,345492.44
2026-07-11,Enterprise Outreach,LinkedIn,B2B,East,Small Business,Desktop,52016,3784,253,175,78,1285.3,197512.21,7.27,6.69,0.34,153.67,196226.91
2026-07-12,Summer Sale,Facebook,Retail,North,New Customers,Tablet,19304,1313,64,27,37,5888.03,63472.04,6.8,4.87,4.48,10.78,57584.01
2026-07-12,Search Growth,Google Ads,E-commerce,South,Returning Customers,Mobile,28841,1606,108,52,56,5813.5,136409.89,5.57,6.72,3.62,23.46,130596.39
2026-07-12,Creator Campaign,Instagram,Retail,East,Returning Customers,Mobile,34368,2772,112,43,69,5171.08,114476.21,8.07,4.04,1.87,22.14,109305.13
2026-07-12,B2B Lead Generation,LinkedIn,B2B,West,Returning Customers,Desktop,26920,767,76,46,30,2528.2,79019.22,2.85,9.91,3.3,31.26,76491.02
2026-07-12,Festive Offers,Google Ads,E-commerce,North,Small Business,Desktop,73803,6101,547,298,249,5319.34,1004698.93,8.27,8.97,0.87,188.88,999379.59
2026-07-12,Brand Awareness,Facebook,Retail,West,Returning Customers,Tablet,61050,1812,175,119,56,4785.12,104773.52,2.97,9.66,2.64,21.9,99988.4
2026-07-12,Product Launch,Instagram,Technology,South,New Customers,Desktop,51018,2881,325,159,166,5839.99,218983.11,5.65,11.28,2.03,37.5,213143.12
2026-07-12,Enterprise Outreach,LinkedIn,B2B,East,New Customers,Desktop,50520,1934,108,62,46,608.85,77615.6,3.83,5.58,0.31,127.48,77006.75
2026-07-13,Summer Sale,Facebook,Retail,North,High Value,Mobile,66968,4801,309,133,176,2415.31,147475.26,7.17,6.44,0.5,61.06,145059.95
2026-07-13,Search Growth,Google Ads,E-commerce,South,High Value,Tablet,51879,1851,49,29,20,1965.26,79168.04,3.57,2.65,1.06,40.28,77202.78
2026-07-13,Creator Campaign,Instagram,Retail,East,Small Business,Mobile,32464,1917,72,37,35,3237.17,40160.98,5.91,3.76,1.69,12.41,36923.81
2026-07-13,B2B Lead Generation,LinkedIn,B2B,West,Returning Customers,Desktop,35415,1794,92,60,32,3193.59,176792.06,5.07,5.13,1.78,55.36,173598.47
2026-07-13,Festive Offers,Google Ads,E-commerce,North,High Value,Tablet,26476,711,66,31,35,3813.31,60970.59,2.69,9.28,5.36,15.99,57157.28
2026-07-13,Brand Awareness,Facebook,Retail,West,Returning Customers,Mobile,76653,4787,336,180,156,3312.38,394480.49,6.25,7.02,0.69,119.09,391168.11
2026-07-13,Product Launch,Instagram,Technology,South,Returning Customers,Tablet,22997,1520,43,26,17,4967.74,40644.21,6.61,2.83,3.27,8.18,35676.47
2026-07-13,Enterprise Outreach,LinkedIn,B2B,East,High Value,Tablet,47403,3041,251,161,90,3977.77,336240.17,6.42,8.25,1.31,84.53,332262.4
2026-07-14,Summer Sale,Facebook,Retail,North,New Customers,Desktop,64401,2704,176,89,87,2439.54,192156.87,4.2,6.51,0.9,78.77,189717.33
2026-07-14,Search Growth,Google Ads,E-commerce,South,New Customers,Desktop,81390,3108,315,120,195,3780.24,531067.07,3.82,10.14,1.22,140.49,527286.83
2026-07-14,Creator Campaign,Instagram,Retail,East,New Customers,Mobile,71965,4717,271,155,116,4993.59,275665.91,6.55,5.75,1.06,55.2,270672.32
2026-07-14,B2B Lead Generation,LinkedIn,B2B,West,Small Business,Mobile,27443,1707,118,46,72,1983.21,95161.85,6.22,6.91,1.16,47.98,93178.64
2026-07-14,Festive Offers,Google Ads,E-commerce,North,Small Business,Desktop,67414,3353,84,43,41,6065.17,40737.05,4.97,2.51,1.81,6.72,34671.88
2026-07-14,Brand Awareness,Facebook,Retail,West,High Value,Tablet,61929,4946,458,167,291,2632.86,987115.29,7.99,9.26,0.53,374.92,984482.43
2026-07-14,Product Launch,Instagram,Technology,South,Small Business,Tablet,23630,1907,93,51,42,1522.18,149804.56,8.07,4.88,0.8,98.41,148282.38
2026-07-14,Enterprise Outreach,LinkedIn,B2B,East,High Value,Mobile,40677,3273,274,110,164,1644.83,315131.91,8.05,8.37,0.5,191.59,313487.08
2026-07-15,Summer Sale,Facebook,Retail,North,New Customers,Mobile,56634,4169,383,236,147,3894.79,423270.04,7.36,9.19,0.93,108.68,419375.25
2026-07-15,Search Growth,Google Ads,E-commerce,South,Small Business,Tablet,102555,7986,614,331,283,6257.86,825698.25,7.79,7.69,0.78,131.95,819440.39
2026-07-15,Creator Campaign,Instagram,Retail,East,Returning Customers,Tablet,34450,1679,90,55,35,3030.28,126313.88,4.87,5.36,1.8,41.68,123283.6
2026-07-15,B2B Lead Generation,LinkedIn,B2B,West,Returning Customers,Desktop,37829,1440,154,66,88,1888.64,318033.25,3.81,10.69,1.31,168.39,316144.61
2026-07-15,Festive Offers,Google Ads,E-commerce,North,High Value,Mobile,38723,2893,110,64,46,5827.85,151799.92,7.47,3.8,2.01,26.05,145972.07
2026-07-15,Brand Awareness,Facebook,Retail,West,Returning Customers,Desktop,47935,1301,93,56,37,1768.53,97622.5,2.71,7.15,1.36,55.2,95853.97
2026-07-15,Product Launch,Instagram,Technology,South,New Customers,Mobile,82360,2419,103,43,60,1777.87,155996.21,2.94,4.26,0.73,87.74,154218.34
2026-07-15,Enterprise Outreach,LinkedIn,B2B,East,Returning Customers,Tablet,60846,2286,76,39,37,3677.69,73478.57,3.76,3.32,1.61,19.98,69800.88
2026-07-16,Summer Sale,Facebook,Retail,North,Small Business,Tablet,74852,5082,160,116,44,4257.64,348941.82,6.79,3.15,0.84,81.96,344684.18
2026-07-16,Search Growth,Google Ads,E-commerce,South,Small Business,Desktop,30982,1510,83,38,45,1785.64,138269.45,4.87,5.5,1.18,77.43,136483.81
2026-07-16,Creator Campaign,Instagram,Retail,East,New Customers,Desktop,38181,2095,83,60,23,2635.33,58170.46,5.49,3.96,1.26,22.07,55535.13
2026-07-16,B2B Lead Generation,LinkedIn,B2B,West,High Value,Mobile,20698,1165,50,18,32,853.23,40202.0,5.63,4.29,0.73,47.12,39348.77
2026-07-16,Festive Offers,Google Ads,E-commerce,North,Returning Customers,Mobile,76514,4905,163,72,91,3239.42,239150.71,6.41,3.32,0.66,73.83,235911.29
2026-07-16,Brand Awareness,Facebook,Retail,West,Small Business,Tablet,38614,1131,51,38,13,2646.37,111346.96,2.93,4.51,2.34,42.08,108700.59
2026-07-16,Product Launch,Instagram,Technology,South,Returning Customers,Tablet,61274,1828,101,39,62,2025.13,47946.87,2.98,5.53,1.11,23.68,45921.74
2026-07-16,Enterprise Outreach,LinkedIn,B2B,East,Returning Customers,Mobile,36741,1667,70,48,22,3102.96,75246.66,4.54,4.2,1.86,24.25,72143.7
2026-07-17,Summer Sale,Facebook,Retail,North,High Value,Mobile,45121,1626,117,69,48,1718.21,85733.22,3.6,7.2,1.06,49.9,84015.01
2026-07-17,Search Growth,Google Ads,E-commerce,South,High Value,Mobile,46957,1659,188,107,81,1223.66,270533.73,3.53,11.33,0.74,221.09,269310.07
2026-07-17,Creator Campaign,Instagram,Retail,East,Returning Customers,Desktop,72133,2183,204,97,107,1675.94,160838.57,3.03,9.34,0.77,95.97,159162.63
2026-07-17,B2B Lead Generation,LinkedIn,B2B,West,High Value,Tablet,66141,4814,553,299,254,3063.54,890392.29,7.28,11.49,0.64,290.64,887328.75
2026-07-17,Festive Offers,Google Ads,E-commerce,North,High Value,Desktop,50867,2355,202,102,100,3819.69,134741.0,4.63,8.58,1.62,35.28,130921.31
2026-07-17,Brand Awareness,Facebook,Retail,West,High Value,Mobile,34649,2626,160,104,56,4179.12,195869.09,7.58,6.09,1.59,46.87,191689.97
2026-07-17,Product Launch,Instagram,Technology,South,Small Business,Mobile,71965,3874,192,95,97,2045.07,175465.97,5.38,4.96,0.53,85.8,173420.9
2026-07-17,Enterprise Outreach,LinkedIn,B2B,East,Returning Customers,Tablet,51609,4230,374,254,120,2494.8,461907.27,8.2,8.84,0.59,185.15,459412.47
2026-07-18,Summer Sale,Facebook,Retail,North,Returning Customers,Tablet,34635,2847,178,112,66,5448.45,381264.39,8.22,6.25,1.91,69.98,375815.94
2026-07-18,Search Growth,Google Ads,E-commerce,South,Small Business,Tablet,36606,2202,79,49,30,6058.64,74441.82,6.02,3.59,2.75,12.29,68383.18
2026-07-18,Creator Campaign,Instagram,Retail,East,New Customers,Tablet,77108,3745,323,116,207,2578.64,244166.41,4.86,8.62,0.69,94.69,241587.77
2026-07-18,B2B Lead Generation,LinkedIn,B2B,West,Returning Customers,Mobile,36395,2327,185,92,93,1159.97,229162.0,6.39,7.95,0.5,197.56,228002.03
2026-07-18,Festive Offers,Google Ads,E-commerce,North,High Value,Mobile,42573,1855,141,84,57,5901.19,196516.35,4.36,7.6,3.18,33.3,190615.16
2026-07-18,Brand Awareness,Facebook,Retail,West,New Customers,Mobile,18443,658,22,9,13,3933.99,42082.96,3.57,3.34,5.98,10.7,38148.97
2026-07-18,Product Launch,Instagram,Technology,South,Returning Customers,Desktop,33025,1996,167,78,89,4396.06,339692.58,6.04,8.37,2.2,77.27,335296.52
2026-07-18,Enterprise Outreach,LinkedIn,B2B,East,New Customers,Tablet,48304,2829,152,96,56,3791.69,93798.59,5.86,5.37,1.34,24.74,90006.9
2026-07-19,Summer Sale,Facebook,Retail,North,Small Business,Desktop,71065,3987,221,121,100,5607.79,397560.88,5.61,5.54,1.41,70.89,391953.09
2026-07-19,Search Growth,Google Ads,E-commerce,South,High Value,Tablet,97995,4024,325,176,149,6551.39,327103.69,4.11,8.08,1.63,49.93,320552.3
2026-07-19,Creator Campaign,Instagram,Retail,East,Small Business,Tablet,53332,4171,256,142,114,5209.06,183549.39,7.82,6.14,1.25,35.24,178340.33
2026-07-19,B2B Lead Generation,LinkedIn,B2B,West,New Customers,Desktop,40756,2971,330,171,159,3367.58,510486.38,7.29,11.11,1.13,151.59,507118.8
2026-07-19,Festive Offers,Google Ads,E-commerce,North,High Value,Desktop,29597,776,56,37,19,5529.96,94708.85,2.62,7.22,7.13,17.13,89178.89
2026-07-19,Brand Awareness,Facebook,Retail,West,New Customers,Mobile,39857,2261,63,28,35,2284.55,80654.37,5.67,2.79,1.01,35.3,78369.82
2026-07-19,Product Launch,Instagram,Technology,South,High Value,Desktop,24651,1259,81,42,39,2089.93,112687.46,5.11,6.43,1.66,53.92,110597.53
2026-07-19,Enterprise Outreach,LinkedIn,B2B,East,New Customers,Mobile,37911,2269,58,30,28,3792.71,33315.37,5.99,2.56,1.67,8.78,29522.66
2026-07-20,Summer Sale,Facebook,Retail,North,High Value,Tablet,77850,3255,347,155,192,3123.03,544034.31,4.18,10.66,0.96,174.2,540911.28
2026-07-20,Search Growth,Google Ads,E-commerce,South,Returning Customers,Tablet,22214,1094,83,52,31,3922.87,177082.59,4.92,7.59,3.59,45.14,173159.72
2026-07-20,Creator Campaign,Instagram,Retail,East,Returning Customers,Tablet,32298,2336,181,110,71,3454.63,393719.0,7.23,7.75,1.48,113.97,390264.37
2026-07-20,B2B Lead Generation,LinkedIn,B2B,West,Small Business,Tablet,65928,4519,167,119,48,3245.79,216691.23,6.85,3.7,0.72,66.76,213445.44
2026-07-20,Festive Offers,Google Ads,E-commerce,North,New Customers,Tablet,73502,2428,76,48,28,3527.71,44942.64,3.3,3.13,1.45,12.74,41414.93
2026-07-20,Brand Awareness,Facebook,Retail,West,High Value,Mobile,50783,3816,196,137,59,2872.69,128495.53,7.51,5.14,0.75,44.73,125622.84
2026-07-20,Product Launch,Instagram,Technology,South,New Customers,Tablet,90330,3369,342,221,121,1328.7,521634.86,3.73,10.15,0.39,392.59,520306.16
2026-07-20,Enterprise Outreach,LinkedIn,B2B,East,New Customers,Desktop,53498,1947,60,37,23,2140.7,48260.96,3.64,3.08,1.1,22.54,46120.26
2026-07-21,Summer Sale,Facebook,Retail,North,Returning Customers,Mobile,23941,761,60,22,38,1908.62,98293.49,3.18,7.88,2.51,51.5,96384.87
2026-07-21,Search Growth,Google Ads,E-commerce,South,Small Business,Mobile,119059,7866,332,136,196,1036.33,343722.94,6.61,4.22,0.13,331.67,342686.61
2026-07-21,Creator Campaign,Instagram,Retail,East,Small Business,Tablet,54597,3340,139,102,37,3203.37,124768.64,6.12,4.16,0.96,38.95,121565.27
2026-07-21,B2B Lead Generation,LinkedIn,B2B,West,Small Business,Tablet,13964,962,94,47,47,817.91,70572.51,6.89,9.77,0.85,86.28,69754.6
2026-07-21,Festive Offers,Google Ads,E-commerce,North,High Value,Desktop,57051,3669,364,201,163,5376.24,467193.25,6.43,9.92,1.47,86.9,461817.01
2026-07-21,Brand Awareness,Facebook,Retail,West,Returning Customers,Desktop,61965,2528,268,179,89,719.8,212416.88,4.08,10.6,0.28,295.11,211697.08
2026-07-21,Product Launch,Instagram,Technology,South,New Customers,Desktop,39640,1435,108,39,69,5237.84,61952.99,3.62,7.53,3.65,11.83,56715.15
2026-07-21,Enterprise Outreach,LinkedIn,B2B,East,High Value,Tablet,37415,3081,158,73,85,3978.01,316543.85,8.23,5.13,1.29,79.57,312565.84
2026-07-22,Summer Sale,Facebook,Retail,North,High Value,Desktop,101593,5659,368,240,128,5537.3,676343.15,5.57,6.5,0.98,122.14,670805.85
2026-07-22,Search Growth,Google Ads,E-commerce,South,High Value,Desktop,121323,6516,662,242,420,6533.86,543041.59,5.37,10.16,1.0,83.11,536507.73
2026-07-22,Creator Campaign,Instagram,Retail,East,Small Business,Tablet,81183,3437,314,187,127,698.51,336572.76,4.23,9.14,0.2,481.84,335874.25
2026-07-22,B2B Lead Generation,LinkedIn,B2B,West,Small Business,Desktop,19784,1558,62,46,16,4053.61,51378.24,7.88,3.98,2.6,12.67,47324.63
2026-07-22,Festive Offers,Google Ads,E-commerce,North,New Customers,Mobile,34250,990,31,15,16,4061.21,57869.67,2.89,3.13,4.1,14.25,53808.46
2026-07-22,Brand Awareness,Facebook,Retail,West,New Customers,Tablet,43525,2627,198,125,73,3602.43,252573.75,6.04,7.54,1.37,70.11,248971.32
2026-07-22,Product Launch,Instagram,Technology,South,Returning Customers,Mobile,42718,1099,40,29,11,3692.55,42098.05,2.57,3.64,3.36,11.4,38405.5
2026-07-22,Enterprise Outreach,LinkedIn,B2B,East,Returning Customers,Desktop,46543,2616,263,92,171,1455.92,495634.66,5.62,10.05,0.56,340.43,494178.74
2026-07-23,Summer Sale,Facebook,Retail,North,Small Business,Mobile,57937,4187,444,253,191,3126.46,840233.66,7.23,10.6,0.75,268.75,837107.2
2026-07-23,Search Growth,Google Ads,E-commerce,South,Returning Customers,Tablet,82876,2364,104,67,37,4515.25,57501.79,2.85,4.4,1.91,12.74,52986.54
2026-07-23,Creator Campaign,Instagram,Retail,East,Small Business,Tablet,30674,954,109,74,35,973.35,139476.22,3.11,11.43,1.02,143.3,138502.87
2026-07-23,B2B Lead Generation,LinkedIn,B2B,West,New Customers,Mobile,16218,423,11,4,7,2523.28,20573.24,2.61,2.6,5.97,8.15,18049.96
2026-07-23,Festive Offers,Google Ads,E-commerce,North,High Value,Tablet,76116,2972,280,196,84,6046.99,501356.37,3.9,9.42,2.03,82.91,495309.38
2026-07-23,Brand Awareness,Facebook,Retail,West,Returning Customers,Tablet,48571,3639,154,57,97,925.26,246079.36,7.49,4.23,0.25,265.96,245154.1
2026-07-23,Product Launch,Instagram,Technology,South,High Value,Tablet,36261,2978,163,72,91,3336.92,284917.18,8.21,5.47,1.12,85.38,281580.26
2026-07-23,Enterprise Outreach,LinkedIn,B2B,East,Small Business,Desktop,41728,2694,317,171,146,3205.93,208183.09,6.46,11.77,1.19,64.94,204977.16
2026-07-24,Summer Sale,Facebook,Retail,North,New Customers,Tablet,57520,2928,152,63,89,1524.45,204603.15,5.09,5.19,0.52,134.21,203078.7
2026-07-24,Search Growth,Google Ads,E-commerce,South,Small Business,Desktop,80041,2815,263,94,169,2210.17,530865.22,3.52,9.34,0.79,240.19,528655.05
2026-07-24,Creator Campaign,Instagram,Retail,East,Returning Customers,Desktop,69572,2678,186,87,99,4504.61,381622.73,3.85,6.95,1.68,84.72,377118.12
2026-07-24,B2B Lead Generation,LinkedIn,B2B,West,New Customers,Desktop,21254,1449,116,64,52,1331.9,206540.04,6.82,8.01,0.92,155.07,205208.14
2026-07-24,Festive Offers,Google Ads,E-commerce,North,Returning Customers,Tablet,21475,1102,46,30,16,4980.97,33339.41,5.13,4.17,4.52,6.69,28358.44
2026-07-24,Brand Awareness,Facebook,Retail,West,High Value,Tablet,67365,4701,126,74,52,1809.94,159968.47,6.98,2.68,0.39,88.38,158158.53
2026-07-24,Product Launch,Instagram,Technology,South,Returning Customers,Mobile,55691,4316,174,112,62,2730.36,94219.87,7.75,4.03,0.63,34.51,91489.51
2026-07-24,Enterprise Outreach,LinkedIn,B2B,East,High Value,Desktop,19723,797,78,27,51,2449.98,37007.28,4.04,9.79,3.07,15.11,34557.3
2026-07-25,Summer Sale,Facebook,Retail,North,Returning Customers,Desktop,43890,1572,130,65,65,2155.79,193227.13,3.58,8.27,1.37,89.63,191071.34
2026-07-25,Search Growth,Google Ads,E-commerce,South,Small Business,Tablet,39156,1303,61,43,18,1138.31,60342.55,3.33,4.68,0.87,53.01,59204.24
2026-07-25,Creator Campaign,Instagram,Retail,East,Returning Customers,Desktop,21379,1273,100,46,54,4444.04,86350.77,5.95,7.86,3.49,19.43,81906.73
2026-07-25,B2B Lead Generation,LinkedIn,B2B,West,Small Business,Desktop,30106,826,45,17,28,3931.19,92069.03,2.74,5.45,4.76,23.42,88137.84
2026-07-25,Festive Offers,Google Ads,E-commerce,North,Returning Customers,Desktop,76281,4146,322,238,84,916.83,619503.51,5.44,7.77,0.22,675.7,618586.68
2026-07-25,Brand Awareness,Facebook,Retail,West,Returning Customers,Mobile,57604,3722,279,162,117,2074.06,198288.42,6.46,7.5,0.56,95.6,196214.36
2026-07-25,Product Launch,Instagram,Technology,South,Small Business,Tablet,74630,3750,241,101,140,2497.46,517275.0,5.02,6.43,0.67,207.12,514777.54
2026-07-25,Enterprise Outreach,LinkedIn,B2B,East,Small Business,Mobile,19761,690,60,42,18,4095.82,51724.89,3.49,8.7,5.94,12.63,47629.07
2026-07-26,Summer Sale,Facebook,Retail,North,High Value,Desktop,19725,541,38,16,22,4610.32,52765.27,2.74,7.02,8.52,11.45,48154.95
2026-07-26,Search Growth,Google Ads,E-commerce,South,Returning Customers,Tablet,104134,8664,594,265,329,5065.76,1088934.59,8.32,6.86,0.58,214.96,1083868.83
2026-07-26,Creator Campaign,Instagram,Retail,East,Returning Customers,Tablet,58141,4159,148,82,66,1980.04,204807.56,7.15,3.56,0.48,103.44,202827.52
2026-07-26,B2B Lead Generation,LinkedIn,B2B,West,New Customers,Desktop,63025,5342,187,101,86,1602.13,201174.01,8.48,3.5,0.3,125.57,199571.88
2026-07-26,Festive Offers,Google Ads,E-commerce,North,Small Business,Mobile,36146,2574,68,36,32,3316.72,104150.79,7.12,2.64,1.29,31.4,100834.07
2026-07-26,Brand Awareness,Facebook,Retail,West,Small Business,Desktop,22318,1090,69,33,36,1440.93,122374.08,4.88,6.33,1.32,84.93,120933.15
2026-07-26,Product Launch,Instagram,Technology,South,High Value,Tablet,80690,6265,229,119,110,1373.31,223403.11,7.76,3.66,0.22,162.67,222029.8
2026-07-26,Enterprise Outreach,LinkedIn,B2B,East,Small Business,Tablet,28042,1985,95,62,33,830.19,111544.22,7.08,4.79,0.42,134.36,110714.03
2026-07-27,Summer Sale,Facebook,Retail,North,High Value,Tablet,54960,3213,301,171,130,4764.8,258902.62,5.85,9.37,1.48,54.34,254137.82
2026-07-27,Search Growth,Google Ads,E-commerce,South,New Customers,Desktop,98273,4326,376,145,231,4064.99,500278.52,4.4,8.69,0.94,123.07,496213.53
2026-07-27,Creator Campaign,Instagram,Retail,East,Small Business,Tablet,44093,1476,88,65,23,886.92,44163.31,3.35,5.96,0.6,49.79,43276.39
2026-07-27,B2B Lead Generation,LinkedIn,B2B,West,Returning Customers,Mobile,41608,1927,98,62,36,4323.25,87361.01,4.63,5.09,2.24,20.21,83037.76
2026-07-27,Festive Offers,Google Ads,E-commerce,North,New Customers,Tablet,36153,2385,59,38,21,4535.13,52401.38,6.6,2.47,1.9,11.55,47866.25
2026-07-27,Brand Awareness,Facebook,Retail,West,New Customers,Mobile,65457,4480,122,54,68,3670.14,266296.09,6.84,2.72,0.82,72.56,262625.95
2026-07-27,Product Launch,Instagram,Technology,South,Small Business,Tablet,88781,3073,269,153,116,4756.54,138543.38,3.46,8.75,1.55,29.13,133786.84
2026-07-27,Enterprise Outreach,LinkedIn,B2B,East,Small Business,Mobile,43642,1885,204,140,64,1110.9,221817.51,4.32,10.82,0.59,199.67,220706.61
2026-07-28,Summer Sale,Facebook,Retail,North,Small Business,Tablet,45684,1358,97,64,33,1273.9,158724.13,2.97,7.14,0.94,124.6,157450.23
2026-07-28,Search Growth,Google Ads,E-commerce,South,New Customers,Desktop,106297,8915,792,566,226,5928.52,1057380.97,8.39,8.88,0.67,178.35,1051452.45
2026-07-28,Creator Campaign,Instagram,Retail,East,Small Business,Mobile,27382,1071,77,33,44,3992.97,61966.76,3.91,7.19,3.73,15.52,57973.79
2026-07-28,B2B Lead Generation,LinkedIn,B2B,West,Returning Customers,Tablet,70682,3610,152,91,61,1832.82,174102.06,5.11,4.21,0.51,94.99,172269.24
2026-07-28,Festive Offers,Google Ads,E-commerce,North,Small Business,Tablet,72754,4663,426,186,240,2581.5,830711.73,6.41,9.14,0.55,321.79,828130.23
2026-07-28,Brand Awareness,Facebook,Retail,West,Small Business,Mobile,20680,1724,184,98,86,1941.75,300204.97,8.34,10.67,1.13,154.61,298263.22
2026-07-28,Product Launch,Instagram,Technology,South,Returning Customers,Desktop,62012,2056,158,68,90,3128.03,212719.55,3.32,7.68,1.52,68.0,209591.52
2026-07-28,Enterprise Outreach,LinkedIn,B2B,East,Small Business,Mobile,64046,4055,447,308,139,918.38,688375.17,6.33,11.02,0.23,749.55,687456.79
2026-07-29,Summer Sale,Facebook,Retail,North,New Customers,Tablet,60916,2491,126,57,69,3415.87,128574.97,4.09,5.06,1.37,37.64,125159.1
2026-07-29,Search Growth,Google Ads,E-commerce,South,High Value,Mobile,85911,2421,138,60,78,5414.59,104567.71,2.82,5.7,2.24,19.31,99153.12
2026-07-29,Creator Campaign,Instagram,Retail,East,New Customers,Mobile,23084,1233,35,25,10,1909.61,76681.71,5.34,2.84,1.55,40.16,74772.1
2026-07-29,B2B Lead Generation,LinkedIn,B2B,West,High Value,Mobile,24904,1085,74,29,45,3802.55,137242.65,4.36,6.82,3.5,36.09,133440.1
2026-07-29,Festive Offers,Google Ads,E-commerce,North,Returning Customers,Mobile,74457,5748,625,257,368,1397.66,909387.66,7.72,10.87,0.24,650.65,907990.0
2026-07-29,Brand Awareness,Facebook,Retail,West,High Value,Tablet,59813,4784,326,167,159,988.92,477164.52,8.0,6.81,0.21,482.51,476175.6
2026-07-29,Product Launch,Instagram,Technology,South,Returning Customers,Tablet,93924,7278,371,135,236,1601.69,365932.38,7.75,5.1,0.22,228.47,364330.69
2026-07-29,Enterprise Outreach,LinkedIn,B2B,East,Small Business,Tablet,27069,1748,67,25,42,925.91,45672.18,6.46,3.83,0.53,49.33,44746.27
2026-07-30,Summer Sale,Facebook,Retail,North,Small Business,Mobile,82515,2293,222,108,114,5085.99,487199.31,2.78,9.68,2.22,95.79,482113.32
2026-07-30,Search Growth,Google Ads,E-commerce,South,Returning Customers,Tablet,49157,2565,272,121,151,5666.29,346892.94,5.22,10.6,2.21,61.22,341226.65
2026-07-30,Creator Campaign,Instagram,Retail,East,Small Business,Tablet,70860,3471,307,171,136,2489.97,395220.6,4.9,8.84,0.72,158.73,392730.63
2026-07-30,B2B Lead Generation,LinkedIn,B2B,West,Small Business,Mobile,58543,4897,329,132,197,1874.49,363145.02,8.36,6.72,0.38,193.73,361270.53
2026-07-30,Festive Offers,Google Ads,E-commerce,North,New Customers,Mobile,87397,4428,181,81,100,2717.17,332815.75,5.07,4.09,0.61,122.49,330098.58
2026-07-30,Brand Awareness,Facebook,Retail,West,New Customers,Desktop,54802,4333,341,199,142,1467.18,359189.23,7.91,7.87,0.34,244.82,357722.05
2026-07-30,Product Launch,Instagram,Technology,South,New Customers,Tablet,45059,2334,178,67,111,2181.52,270876.78,5.18,7.63,0.93,124.17,268695.26
2026-07-30,Enterprise Outreach,LinkedIn,B2B,East,Returning Customers,Tablet,30183,2211,109,51,58,2703.64,127263.17,7.33,4.93,1.22,47.07,124559.53
2026-07-31,Summer Sale,Facebook,Retail,North,Returning Customers,Desktop,29161,1143,127,46,81,5136.64,208679.99,3.92,11.11,4.49,40.63,203543.35
2026-07-31,Search Growth,Google Ads,E-commerce,South,High Value,Mobile,33534,2122,95,44,51,2407.13,172281.78,6.33,4.48,1.13,71.57,169874.65
2026-07-31,Creator Campaign,Instagram,Retail,East,New Customers,Mobile,30312,1563,130,55,75,4627.12,83708.0,5.16,8.32,2.96,18.09,79080.88
2026-07-31,B2B Lead Generation,LinkedIn,B2B,West,High Value,Tablet,43788,2051,145,74,71,4108.64,203516.26,4.68,7.07,2.0,49.53,199407.62
2026-07-31,Festive Offers,Google Ads,E-commerce,North,New Customers,Mobile,52201,4224,306,169,137,3585.73,631411.9,8.09,7.24,0.85,176.09,627826.17
2026-07-31,Brand Awareness,Facebook,Retail,West,New Customers,Desktop,43092,1781,155,98,57,3090.87,127891.2,4.13,8.7,1.74,41.38,124800.33
2026-07-31,Product Launch,Instagram,Technology,South,Returning Customers,Desktop,37928,958,64,33,31,801.99,37199.83,2.53,6.68,0.84,46.38,36397.84
2026-07-31,Enterprise Outreach,LinkedIn,B2B,East,New Customers,Desktop,15857,658,57,40,17,1636.02,125165.45,4.15,8.66,2.49,76.51,123529.43
2026-08-01,Summer Sale,Facebook,Retail,North,Small Business,Desktop,53802,4147,229,142,87,5157.67,157885.34,7.71,5.52,1.24,30.61,152727.67
2026-08-01,Search Growth,Google Ads,E-commerce,South,Small Business,Mobile,69971,1819,92,38,54,7135.88,92248.87,2.6,5.06,3.92,12.93,85112.99
2026-08-01,Creator Campaign,Instagram,Retail,East,Returning Customers,Mobile,46067,3480,337,124,213,2657.05,274746.68,7.55,9.68,0.76,103.4,272089.63
2026-08-01,B2B Lead Generation,LinkedIn,B2B,West,Returning Customers,Desktop,39757,2937,277,145,132,2129.03,412932.12,7.39,9.43,0.72,193.95,410803.09
2026-08-01,Festive Offers,Google Ads,E-commerce,North,High Value,Mobile,32669,2151,157,55,102,5997.17,188250.74,6.58,7.3,2.79,31.39,182253.57
2026-08-01,Brand Awareness,Facebook,Retail,West,Returning Customers,Desktop,29455,1621,123,56,67,3016.3,209157.34,5.5,7.59,1.86,69.34,206141.04
2026-08-01,Product Launch,Instagram,Technology,South,High Value,Tablet,47482,2358,149,99,50,1714.72,174997.21,4.97,6.32,0.73,102.06,173282.49
2026-08-01,Enterprise Outreach,LinkedIn,B2B,East,High Value,Tablet,62379,3781,202,97,105,2981.24,352541.68,6.06,5.34,0.79,118.25,349560.44
2026-08-02,Summer Sale,Facebook,Retail,North,New Customers,Desktop,97710,2505,91,47,44,1738.61,180919.45,2.56,3.63,0.69,104.06,179180.84
2026-08-02,Search Growth,Google Ads,E-commerce,South,Returning Customers,Mobile,48085,2440,152,93,59,2898.47,105081.29,5.07,6.23,1.19,36.25,102182.82
2026-08-02,Creator Campaign,Instagram,Retail,East,Small Business,Mobile,67532,2505,236,90,146,4338.47,157959.64,3.71,9.42,1.73,36.41,153621.17
2026-08-02,B2B Lead Generation,LinkedIn,B2B,West,New Customers,Tablet,68973,3640,308,170,138,649.32,288824.79,5.28,8.46,0.18,444.81,288175.47
2026-08-02,Festive Offers,Google Ads,E-commerce,North,Returning Customers,Mobile,41769,2986,262,116,146,1441.29,252412.52,7.15,8.77,0.48,175.13,250971.23
2026-08-02,Brand Awareness,Facebook,Retail,West,High Value,Desktop,43370,2737,181,105,76,1686.4,301869.6,6.31,6.61,0.62,179.0,300183.2
2026-08-02,Product Launch,Instagram,Technology,South,High Value,Tablet,40586,1555,139,56,83,2816.0,150963.55,3.83,8.94,1.81,53.61,148147.55
2026-08-02,Enterprise Outreach,LinkedIn,B2B,East,New Customers,Tablet,44821,2741,157,61,96,3620.46,302939.56,6.12,5.73,1.32,83.67,299319.1
2026-08-03,Summer Sale,Facebook,Retail,North,Returning Customers,Tablet,93852,7975,369,168,201,2455.82,451540.14,8.5,4.63,0.31,183.87,449084.32
2026-08-03,Search Growth,Google Ads,E-commerce,South,High Value,Desktop,90313,4863,223,148,75,4226.3,447199.43,5.38,4.59,0.87,105.81,442973.13
2026-08-03,Creator Campaign,Instagram,Retail,East,Returning Customers,Desktop,59319,2123,230,161,69,3903.36,333795.73,3.58,10.83,1.84,85.51,329892.37
2026-08-03,B2B Lead Generation,LinkedIn,B2B,West,Small Business,Tablet,19300,1272,57,28,29,1023.02,72094.45,6.59,4.48,0.8,70.47,71071.43
2026-08-03,Festive Offers,Google Ads,E-commerce,North,Returning Customers,Tablet,92455,6831,656,336,320,4491.94,1351819.74,7.39,9.6,0.66,300.94,1347327.8
2026-08-03,Brand Awareness,Facebook,Retail,West,Small Business,Mobile,39802,1379,70,34,36,4430.63,89611.81,3.46,5.08,3.21,20.23,85181.18
2026-08-03,Product Launch,Instagram,Technology,South,Returning Customers,Mobile,70644,4803,250,166,84,4770.74,388032.15,6.8,5.21,0.99,81.34,383261.41
2026-08-03,Enterprise Outreach,LinkedIn,B2B,East,High Value,Mobile,25363,1594,63,37,26,1834.67,108210.7,6.28,3.95,1.15,58.98,106376.03
2026-08-04,Summer Sale,Facebook,Retail,North,Small Business,Mobile,53878,1519,123,82,41,6506.81,169756.39,2.82,8.1,4.28,26.09,163249.58
2026-08-04,Search Growth,Google Ads,E-commerce,South,High Value,Mobile,80511,5795,505,326,179,5423.54,428578.1,7.2,8.71,0.94,79.02,423154.56
2026-08-04,Creator Campaign,Instagram,Retail,East,Small Business,Tablet,76797,2969,140,69,71,4580.55,122531.54,3.87,4.72,1.54,26.75,117950.99
2026-08-04,B2B Lead Generation,LinkedIn,B2B,West,Returning Customers,Mobile,54878,1894,75,33,42,2427.62,65735.2,3.45,3.96,1.28,27.08,63307.58
2026-08-04,Festive Offers,Google Ads,E-commerce,North,Returning Customers,Mobile,18263,805,22,8,14,4234.21,34026.22,4.41,2.73,5.26,8.04,29792.01
2026-08-04,Brand Awareness,Facebook,Retail,West,Small Business,Tablet,34900,2700,216,93,123,2409.73,273008.53,7.74,8.0,0.89,113.29,270598.8
2026-08-04,Product Launch,Instagram,Technology,South,Small Business,Mobile,41416,3298,152,71,81,2410.71,111125.66,7.96,4.61,0.73,46.1,108714.95
2026-08-04,Enterprise Outreach,LinkedIn,B2B,East,Returning Customers,Tablet,29970,1887,81,28,53,3834.83,51064.35,6.3,4.29,2.03,13.32,47229.52
2026-08-05,Summer Sale,Facebook,Retail,North,High Value,Tablet,42064,1948,158,85,73,2127.61,117659.74,4.63,8.11,1.09,55.3,115532.13
2026-08-05,Search Growth,Google Ads,E-commerce,South,Small Business,Mobile,56010,3467,158,65,93,5240.77,283137.21,6.19,4.56,1.51,54.03,277896.44
2026-08-05,Creator Campaign,Instagram,Retail,East,Returning Customers,Desktop,60827,4345,377,167,210,3865.58,435423.25,7.14,8.68,0.89,112.64,431557.67
2026-08-05,B2B Lead Generation,LinkedIn,B2B,West,Small Business,Desktop,43906,1636,153,84,69,1316.35,146835.74,3.73,9.35,0.8,111.55,145519.39
2026-08-05,Festive Offers,Google Ads,E-commerce,North,High Value,Mobile,59527,3050,342,205,137,5441.44,680049.4,5.12,11.21,1.78,124.98,674607.96
2026-08-05,Brand Awareness,Facebook,Retail,West,New Customers,Mobile,56362,3469,230,82,148,2021.5,341781.16,6.15,6.63,0.58,169.07,339759.66
2026-08-05,Product Launch,Instagram,Technology,South,Small Business,Tablet,86644,2407,180,127,53,4017.14,143423.94,2.78,7.48,1.67,35.7,139406.8
2026-08-05,Enterprise Outreach,LinkedIn,B2B,East,High Value,Desktop,21942,1713,166,79,87,1391.67,118491.18,7.81,9.69,0.81,85.14,117099.51
2026-08-06,Summer Sale,Facebook,Retail,North,New Customers,Tablet,55873,4745,222,164,58,5624.46,161717.24,8.49,4.68,1.19,28.75,156092.78
2026-08-06,Search Growth,Google Ads,E-commerce,South,New Customers,Desktop,43083,2167,169,77,92,1724.45,317624.53,5.03,7.8,0.8,184.19,315900.08
2026-08-06,Creator Campaign,Instagram,Retail,East,High Value,Desktop,64363,3936,119,56,63,1433.9,87118.28,6.12,3.02,0.36,60.76,85684.38
2026-08-06,B2B Lead Generation,LinkedIn,B2B,West,New Customers,Desktop,20694,1662,122,56,66,2954.53,131223.73,8.03,7.34,1.78,44.41,128269.2
2026-08-06,Festive Offers,Google Ads,E-commerce,North,Returning Customers,Desktop,49769,2270,154,67,87,3596.65,334572.63,4.56,6.78,1.58,93.02,330975.98
2026-08-06,Brand Awareness,Facebook,Retail,West,Returning Customers,Desktop,46438,1577,91,53,38,3728.78,68733.1,3.4,5.77,2.36,18.43,65004.32
2026-08-06,Product Launch,Instagram,Technology,South,New Customers,Tablet,46182,3740,240,173,67,4909.13,282851.67,8.1,6.42,1.31,57.62,277942.54
2026-08-06,Enterprise Outreach,LinkedIn,B2B,East,New Customers,Desktop,27588,1372,133,99,34,1762.2,144654.11,4.97,9.69,1.28,82.09,142891.91
2026-08-07,Summer Sale,Facebook,Retail,North,High Value,Tablet,19342,1230,127,59,68,5804.11,182333.68,6.36,10.33,4.72,31.41,176529.57
2026-08-07,Search Growth,Google Ads,E-commerce,South,High Value,Desktop,22558,1395,144,66,78,3864.5,106305.95,6.18,10.32,2.77,27.51,102441.45
2026-08-07,Creator Campaign,Instagram,Retail,East,Small Business,Mobile,63161,2229,185,73,112,4100.36,386295.38,3.53,8.3,1.84,94.21,382195.02
2026-08-07,B2B Lead Generation,LinkedIn,B2B,West,High Value,Mobile,67583,4128,403,241,162,766.49,538310.99,6.11,9.76,0.19,702.31,537544.5
2026-08-07,Festive Offers,Google Ads,E-commerce,North,Returning Customers,Tablet,26432,1539,119,51,68,1036.08,145072.08,5.82,7.73,0.67,140.02,144036.0
2026-08-07,Brand Awareness,Facebook,Retail,West,Returning Customers,Tablet,75376,6301,336,181,155,1386.8,280268.44,8.36,5.33,0.22,202.1,278881.64
2026-08-07,Product Launch,Instagram,Technology,South,High Value,Mobile,96754,2740,78,46,32,1970.62,150138.28,2.83,2.85,0.72,76.19,148167.66
2026-08-07,Enterprise Outreach,LinkedIn,B2B,East,Small Business,Desktop,42915,1894,214,151,63,1717.24,408986.68,4.41,11.3,0.91,238.17,407269.44
2026-08-08,Summer Sale,Facebook,Retail,North,Small Business,Mobile,70516,2934,256,111,145,1346.67,327522.53,4.16,8.73,0.46,243.21,326175.86
2026-08-08,Search Growth,Google Ads,E-commerce,South,Small Business,Tablet,26604,671,37,17,20,4765.16,46126.17,2.52,5.51,7.1,9.68,41361.01
2026-08-08,Creator Campaign,Instagram,Retail,East,Small Business,Mobile,48863,1589,102,50,52,3623.74,176828.11,3.25,6.42,2.28,48.8,173204.37
2026-08-08,B2B Lead Generation,LinkedIn,B2B,West,Small Business,Mobile,56776,1842,104,71,33,3311.1,160674.27,3.24,5.65,1.8,48.53,157363.17
2026-08-08,Festive Offers,Google Ads,E-commerce,North,New Customers,Desktop,81355,2270,98,55,43,828.64,130572.07,2.79,4.32,0.37,157.57,129743.43
2026-08-08,Brand Awareness,Facebook,Retail,West,Returning Customers,Mobile,57906,2784,70,48,22,3541.21,38150.66,4.81,2.51,1.27,10.77,34609.45
2026-08-08,Product Launch,Instagram,Technology,South,High Value,Mobile,76626,6030,478,190,288,3982.44,785267.47,7.87,7.93,0.66,197.18,781285.03
2026-08-08,Enterprise Outreach,LinkedIn,B2B,East,New Customers,Desktop,49214,3829,450,293,157,2119.99,473797.57,7.78,11.75,0.55,223.49,471677.58
2026-08-09,Summer Sale,Facebook,Retail,North,Returning Customers,Tablet,107364,3793,156,55,101,3484.86,116643.96,3.53,4.11,0.92,33.47,113159.1
2026-08-09,Search Growth,Google Ads,E-commerce,South,New Customers,Tablet,25523,2062,65,29,36,1419.21,80572.69,8.08,3.15,0.69,56.77,79153.48
2026-08-09,Creator Campaign,Instagram,Retail,East,Small Business,Mobile,68554,3378,228,106,122,2375.52,117708.58,4.93,6.75,0.7,49.55,115333.06
2026-08-09,B2B Lead Generation,LinkedIn,B2B,West,Small Business,Desktop,19360,602,47,25,22,939.26,29616.1,3.11,7.81,1.56,31.53,28676.84
2026-08-09,Festive Offers,Google Ads,E-commerce,North,New Customers,Mobile,97937,2474,107,76,31,2107.13,197996.52,2.53,4.32,0.85,93.97,195889.39
2026-08-09,Brand Awareness,Facebook,Retail,West,High Value,Desktop,40900,2016,186,73,113,3338.3,143637.63,4.93,9.23,1.66,43.03,140299.33
2026-08-09,Product Launch,Instagram,Technology,South,High Value,Tablet,69074,2301,121,64,57,2385.38,109779.89,3.33,5.26,1.04,46.02,107394.51
2026-08-09,Enterprise Outreach,LinkedIn,B2B,East,High Value,Mobile,47984,2666,117,63,54,895.58,220927.98,5.56,4.39,0.34,246.69,220032.4
2026-08-10,Summer Sale,Facebook,Retail,North,Returning Customers,Tablet,53038,3884,374,194,180,5884.7,562366.48,7.32,9.63,1.52,95.56,556481.78
2026-08-10,Search Growth,Google Ads,E-commerce,South,Small Business,Desktop,63445,2324,201,141,60,4736.25,144923.56,3.66,8.65,2.04,30.6,140187.31
2026-08-10,Creator Campaign,Instagram,Retail,East,New Customers,Desktop,32518,1452,156,114,42,4846.32,204078.77,4.47,10.74,3.34,42.11,199232.45
2026-08-10,B2B Lead Generation,LinkedIn,B2B,West,Small Business,Tablet,64514,4807,512,297,215,2026.4,908196.17,7.45,10.65,0.42,448.18,906169.77
2026-08-10,Festive Offers,Google Ads,E-commerce,North,New Customers,Tablet,81295,5599,649,325,324,2475.7,1412082.72,6.89,11.59,0.44,570.38,1409607.02
2026-08-10,Brand Awareness,Facebook,Retail,West,High Value,Mobile,26981,856,85,50,35,3026.85,83935.78,3.17,9.93,3.54,27.73,80908.93
2026-08-10,Product Launch,Instagram,Technology,South,Returning Customers,Desktop,68774,5279,467,348,119,4795.48,687010.1,7.68,8.85,0.91,143.26,682214.62
2026-08-10,Enterprise Outreach,LinkedIn,B2B,East,High Value,Desktop,24828,1011,34,21,13,2519.47,51794.87,4.07,3.36,2.49,20.56,49275.4
